question,option_a,option_b,option_c,option_d,answer,explanation,source
"依據《兵役法》規定，役男之起役年齡為幾歲？","18歲","19歲","20歲","22歲","B","依據兵役法，男子年滿18歲之翌年1月1日起役，即19歲之年。","兵役法規"
"新訓中心規定的每日伙食費預算約為多少元？","60元","95元","114元","150元","C","目前國軍常備兵新訓期間伙食費預算約為每日114元。","國軍糧秣補給作業規定"
"攜帶進入營區的智慧型手機必須安裝何種管制軟體？","GPS","MDM","SOS","APK","B","MDM (Mobile Device Management) 用於鎖定手機照相與傳輸功能，確保資安。","國軍資通安全獎懲規定"
"下列何種物品建議自行攜帶，而非依賴公發品？","迷彩服","迷彩膠鞋","內褲","鋼盔","C","公發內褲材質較粗且尺寸不一，建議自備舒適且符合規定之內褲。","新兵入伍準備須知"
"役男若無法參加軍種抽籤，亦無家屬代抽，將由誰代為抽籤？","鄉鎮市區長","抽籤場主持人","警察局長","里長","B","役男與家屬皆未到場時，由抽籤場主持人（通常為兵役主管）代抽。","徵兵規則"
"新訓鑑測項目中，3000公尺徒手跑步的合格標準通常為何？","15分00秒","16分30秒","18分30秒","20分00秒","C","一般19-22歲役男之3000公尺合格標準約為18分30秒。","國軍體能戰技測驗標準"
"新兵入伍後的「懇親會」通常安排在何時？","入伍當天","入伍後約10-14天","入伍一個月後","結訓當天","B","懇親會多安排於入伍後第二週之週末，結束後通常實施懇親假。","新兵入伍訓練實施計畫"
"營區內是否可以使用具備藍牙功能的無線耳機？","可以","不行，屬違禁品","僅睡覺時可","長官同意即可","B","藍牙傳輸具資安風險，故藍牙耳機通常列為違禁品，建議攜帶有線耳機。","國軍營內民用通信器材管理規定"
"兵籍調查的主要目的為何？","確認教育程度與專長","直接決定軍種","確認存款","智力測驗","A","兵籍調查旨在建立役男基本資料、學歷與專長，以利後續徵兵作業。","徵兵規則"
"體格檢查中，扁平足之判定屬於哪一科別？","精神科","牙科","外科/骨科","耳鼻喉科","C","足弓角度測量與扁平足判定屬於外科或骨科之檢查範圍。","體位區分標準"
"新訓期間身體不適，正確處置方式為何？","忍耐","自行服藥","向幹部報告並轉診","請鄰兵刮痧","C","遇身體不適應立即反應，由幹部協助至醫務所或國軍醫院就診。","國軍醫療轉診作業規定"
"下列哪種藥品是建議攜帶的常備藥品？","安眠藥","小護士/肌樂","壯陽藥","減肥藥","B","外用藥膏與肌肉鬆弛劑（肌樂）有助於緩解蚊蟲叮咬與痠痛。","新兵入伍準備須知"
"部隊集合時間若為05:30，建議何時起床準備？","05:30","05:29","05:15","不用睡","C","集合時間為「就定位」時間，建議提早15分鐘起床盥洗與整理內務。","國軍內部管理實務"
"具備特殊專長（如廚師、水電）之役男，應把握何時爭取專長分發？","退伍前","小選（專長甄選）","抽籤當天","兵籍調查","B","新訓期間會有專長甄選（小選），可依證照分發至對應單位。","役男專長甄選作業規定"
"國軍內務要求中，棉被需折疊成何種形狀？","圓筒狀","隨意摺疊","豆腐干","三角形","C","棉被須折疊方正並捏出稜角，俗稱豆腐干。","國軍內務教則"
"入伍當天，役男的頭髮會如何處理？","打薄","剪成平頭(三分)","保留原狀","光頭","D","入伍當天會統一由髮婆推剪至極短（接近光頭）。","國軍儀容規定"
"新式教召（14天）增加了何種訓練課程？","出國考察","戰術行軍與宿營","取消打靶","烹飪課","B","新式教召強調實戰化，增加戰術行軍與野外宿營訓練。","後備軍人教育召集訓練計畫"
"收到徵集令當天若確診法定傳染病，應如何處理？","不去","戴口罩報到","申請延期徵集","請朋友代去","C","遇不可抗力因素（如確診），應檢附證明向公所申請延期徵集。","徵兵規則"
"新訓洗澡時間緊迫，建議使用何種清潔用品？","肥皂","三合一沐浴乳","洗面乳","磨砂膏","B","三合一沐浴乳可同時洗頭、臉、身，大幅節省盥洗時間。","新兵生活小撇步"
"國軍申訴專線號碼為何？","1999","165","1922","1985","D","1985為國防部諮詢與申訴專線。","國軍人員權益保障及申訴處理規定"
"國軍發薪日原則上為每月幾號？","1號","5號","10號","20號","B","國軍薪餉發放日原則為每月5號。","國軍人員薪餉發放作業規定"
"聞國歌或升降旗歌聲時，應採取何種動作？","繼續行進","奔跑","原地立正致敬","蹲下","C","聞國歌或升降旗歌聲應就地立正致敬。","國軍內部管理實務"
"用餐時，碗筷使用之正確姿勢為何？","以碗就口","以口就碗","邊吃邊聊","敲碗","A","軍中用餐要求腰桿挺直，以碗就口。","新兵生活管理實務"
"新兵入伍訓練之核心目標不包含下列何者？","由民轉兵","培養服從","鍛鍊體魄","投資理財","D","入伍訓練旨在培養軍人儀態、服從性與基本戰技。","新兵入伍訓練實施計畫"
"入營報到時必須攜帶之身分證明文件正本為何？","健保卡","身分證","駕照","護照","B","國民身分證為必備證件。","役男入營報到須知"
"飲水紀錄卡之主要用途為何？","應付檢查","紀錄心情","預防中暑","紀錄熱量","C","透過強制紀錄飲水量，確保役男水分攝取充足，預防中暑。","國軍中暑防治作業手冊"
"若有飲食禁忌（如吃素），應於何時提出？","入營當天","結訓前","退伍後","不准提","A","入營當天幹部會統計飲食需求，應立即回報。","國軍伙食管理作業規定"
"營區內吸菸之規定為何？","寢室內","廁所內","指定吸菸區","隨地皆可","C","營區全面禁菸，僅限於指定吸菸區與規定時間吸菸。","菸害防制法軍中實施細則"
"單兵戰鬥教練中，塗抹偽裝膏之目的為何？","防曬","破壞臉部輪廓與反光","保養","嚇阻","B","利用深淺色澤破壞臉部輪廓並降低反光，增加隱蔽效果。","單兵戰鬥教練手冊"
"值星班長下達「及格起立」口令時，不及格者應如何？","起立","坐下不動","抗議","離開","B","口令僅針對及格者，其餘人員維持原姿勢。","基本教練與口令規範"
"S腰帶主要功能為何？","裝飾","掛載水壺與裝備","當繩子","防彈","B","S腰帶用於掛載水壺、彈匣袋、刺刀等個人裝備。","個人裝備使用規範"
"手榴彈投擲訓練之最高原則為何？","距離","姿勢","安全","聲量","C","實彈投擲具危險性，首重安全。","手榴彈投擲安全規定"
"在中山室內禁止何種行為？","寫大兵日記","閉目養神","喧嘩與走動","擦槍","C","中山室視同教室，應保持肅靜。","新兵生活管理實務"
"每週四下午通常為何種課程？","採買","莒光日電視教學","睡覺","自由活動","B","週四下午固定為莒光園地電視教學時間。","政戰工作實務手冊"
"休假期間遇颱風發布警報，應如何處置？","繼續玩","關機","注意召回訊息","自行決定","C","遇天災國軍可能需救災，休假人員應保持聯繫並依令返營。","國軍災害防救作業規定"
"新訓結束後之「小選」主要依據為何？","體能","民間專長與證照","運氣","長相","B","小選係依役男持有之證照與專長進行甄選。","役男專長甄選作業規定"
"營區內禁止攝影之主要原因為何？","隱私","軍事機密安全","手機壽命","長官心情","B","防止洩漏兵力部署與裝備參數等機密。","國軍保密工作實務"
"對長官交辦任務無法準時完成時，應如何處理？","隱匿","提前回報","推卸","放棄","B","凡事應「提前回報」，尋求協助或調整，不可隱匿。","國軍內部管理實務"
"穿著操作服時，襪子應為何種樣式？","白色短襪","黑色長襪","花襪","隱形襪","B","依規定須穿著過踝之黑色長襪。","國軍服制規定"
"依據《陸海空軍刑法》，無故不服從長官命令者之刑責為何？","罰寫","警告","三年以下有期徒刑","禁足","C","抗命罪可處三年以下有期徒刑、拘役或罰金。","陸海空軍刑法"
"新鞋磨腳時，建議之處理方式？","貼透氣膠帶","丟掉","不穿","烤軟","A","穿著厚襪或在易磨擦處貼上透氣膠帶可預防起水泡。","新兵生活小撇步"
"內務櫃物品擺放原則為何？","隨意","定位定量","私物外露","不關門","B","內務櫃物品須依規定位置擺放，整齊劃一。","國軍內務教則"
"中暑防治中，尿液呈現何種顏色為危險警訊？","透明","淡黃","深黃或褐色","粉紅","C","深黃色代表脫水，需立即喝水。","國軍中暑防治作業手冊"
"營區內撿到不明USB隨身碟應如何處置？","插入電腦","帶回家","上繳幹部","丟棄","C","嚴禁插入軍網電腦，應上繳以資安程序處理。","國軍資通安全獎懲規定"
"新兵入伍第一週通常被稱為什麼週？","地獄週","調適教育週","天使週","戰鬥週","B","第一週為調適教育，協助新兵適應環境。","新兵入伍訓練計畫"
"行進間鞋帶鬆脫應如何處置？","蹲下","出列處理","跳著走","找鄰兵","B","須先舉手報告，出列至路旁處理，不可突然蹲下。","基本教練規範"
"打靶三不規定中，何者正確？","不準","不快","槍口不對人","不流汗","C","槍口絕對不可對人，是靶場最高安全紀律。","輕兵器射擊訓練手冊"
"大兵手記（日記）的主要功能為何？","作文練習","心理狀況了解","畫圖","記帳","B","幹部透過批改日記了解新兵心理狀態與問題。","政戰實務工作"
"營區發生地震時之避難動作為何？","尖叫","趴下、掩護、穩住","睡覺","打電話","B","地震避難標準程序：Drop, Cover, Hold on。","國軍災害防救作業手冊"
"聽到防空警報時應如何動作？","操課","疏散掩蔽","看天空","打卡","B","應立即配合演練疏散至掩蔽位置。","戰備規定"
"手榴彈投擲訓練時，若發生未爆彈情況，應如何處理？","立刻跑過去撿","丟石頭確認","保持安全距離，由未爆彈處理小組處置","用腳踢開","C","遇未爆彈嚴禁觸碰或移動，應立即封鎖現場並通報專業單位處理。","手榴彈投擲安全規定"
"新兵在營區內行進，遇到長官經過時，應採取何種禮節？","裝作沒看到","停止行進，面向長官敬禮問好","繼續走並揮手","立刻趴下","B","行進間遇長官應停止前進，面向長官行舉手禮並問好。","國軍內部管理實務"
"依據規定，操作服（迷彩服）的袖子在何種情況下需要捲起？","覺得熱的時候","依據季節與部隊統一規定","隨個人喜好","完全不能捲","B","通常配合夏令時間或氣溫，由單位主官統一律定是否捲袖。","國軍服裝穿著規定"
"軍中使用的 T91 步槍，其使用之彈藥口徑為多少？","5.56公厘","7.62公厘","9公厘","12.7公厘","A","國軍現役 T91 步槍與 M16/T65K2 皆使用 5.56mm 步槍彈。","輕兵器射擊訓練手冊"
"關於「中暑危險係數」的旗幟顏色，代表最危險（禁止戶外操課）的是哪種顏色？","黃旗","藍旗","紅旗","黑旗","C","紅旗代表危險係數過高（通常大於40），應停止戶外操課或強制休息。","國軍中暑防治作業手冊"
"新兵入伍期間，若需請喪假，必須檢附何種證明文件？","訃聞或死亡證明書","里長證明","口頭報告","戶口名簿","A","依請假規定，直系親屬過世需檢附訃聞或死亡證明方可核予喪假。","國軍人員請假規則"
"衛哨勤務中，若發現不明人士強行闖入營區，第一步應採取的行動為何？","開槍射擊","吹哨並大聲喝止「站住，口令，誰」","逃跑","打電話報警","B","衛哨用槍時機有嚴格程序，第一步應先喝止並詢問口令以辨識身分。","衛哨勤務教範"
"關於軍用防毒面具的清潔，下列何者錯誤？","面具本體可用清水沖洗","濾毒罐可以用水洗","需存放在陰涼處","頭帶可調整鬆緊","B","濾毒罐內部含有化學藥劑與活性碳，遇水會失效，嚴禁水洗。","核生化防護教範"
"若在操課中發生「槍枝故障」，第一動作應為何？","舉手報告「故障」","自行拆槍修理","把槍丟地上","轉身看班長","A","遇槍枝故障應槍口朝前，舉手大聲報告故障，等待幹部指示排除。","輕兵器射擊訓練手冊"
"國軍現行通用的心肺復甦術 (CPR) 按壓與吹氣比例為何？","15比2","30比2","5比1","持續按壓不吹氣","B","依據最新急救準則，成人CPR之按壓吹氣比為 30:2。","國軍緊急救護訓練手冊"
"在軍中「打飯班」的主要職責為何？","負責煮飯","負責將餐桶從伙房抬至連隊並分配菜色","負責洗全連的碗","負責採買食材","B","打飯班不負責煮飯，主要負責搬運餐桶、分菜以及餐後公桶的清潔。","新兵生活管理實務"
"新訓期間，頭髮通常多久會修剪一次？","每天","每兩週約一次","結訓才剪","不固定","B","為了維持儀容標準，新訓期間約每兩週會安排髮婆入營修剪一次頭髮。","國軍儀容規定"
"下列何種行為屬於「洩密」違規？","在營區內拍照並上傳臉書","用筆記本抄寫長官姓名","跟家人報平安","討論晚餐吃什麼","A","營區內照片涉及軍事設施與裝備，未經核准上傳社群媒體屬嚴重洩密。","國軍資通安全獎懲規定"
"關於「擦槍」時，槍管內部通常使用什麼工具清潔？","牙刷","通槍條與通槍布","衛生紙","棉花棒","B","清潔槍管內部需使用專用通槍條銜接通槍布（或銅刷）進行來回通拭。","輕兵器射擊訓練手冊"
"當值星官宣布「著整齊服裝」集合時，通常是指穿著什麼？","運動服","內衣褲","操作服（迷彩服）並紮S腰帶、戴小帽","便服","C","「整齊服裝」通常指全套迷彩服，包含S腰帶與小帽，且扣子需扣好。","國軍服裝穿著規定"
"軍人讀數（數字唸法）中，數字「1」與「2」分別唸作什麼？","壹、貳","幺、兩","一、二","甲、乙","B","為避免無線電通訊混淆，軍中數字 1 唸作「幺」，2 唸作「兩」，0 唸作「洞」。","通信作業程序"
"新兵寢室內掛蚊帳時，通常需要幾個人合作最有效率？","1人","2人以上","不需要掛","班長幫忙掛","B","蚊帳體積大且需綁繩，通常由兩人一組互相協助懸掛與整理最快。","內務教則"
"若發生「軍紀案件」（如酒駕、鬥毆），除了刑事責任外，還會面臨何種行政處分？","罰站","禁足","記過、悔過或撤職","罰寫悔過書","C","軍人酒駕或鬥毆視情節輕重，可處記大過、悔過（關禁閉）或撤職汰除。","陸海空軍懲罰法"
"在手榴彈投擲場，投擲完畢後需做什麼動作才能離開投擲區？","敬禮","大喊我丟完了","向後轉並小跑步離開","原地發呆","C","投擲完畢確認安全後，應聽從指揮官口令向後轉，小跑步迅速離開投擲區。","手榴彈投擲訓練手冊"
"下列關於「刺刀」配掛的位置，何者正確？","左腰側","右腰側","背後","胸前","A","依據單兵個人裝備攜行規定，刺刀通常掛於 S 腰帶之左腰側（方便右手拔刀）。","個人裝備使用規範"
"行軍訓練中，水壺通常應裝滿何種液體？","白開水","運動飲料","果汁","汽水","A","為確保水分補充與衛生，水壺原則上僅能裝填白開水。","國軍中暑防治作業手冊"
"若在營區內發現火災，滅火器的操作口訣為何？","沖脫泡蓋送","拉拉壓","拉瞄壓掃","叫叫ABC","C","滅火器操作口訣：拉（插梢）、瞄（火源）、壓（握把）、掃（向火源根部左右掃射）。","消防安全教育手冊"
"關於「莒光園地」電視教學，若精神不濟打瞌睡，可能會受到何種處置？","被叫起來罰站","送醫","記功","放榮譽假","A","莒光日視同正式操課，打瞌睡會被幹部叫起罰站以提振精神。","政戰實務工作"
"新兵入伍訓練的最後階段，通常會進行為期幾天的「鑑測」？","1天","2-3天","1週","1個月","B","新訓結訓鑑測（期末測驗）通常安排在最後一週的連續 2-3 天進行。","新兵入伍訓練實施計畫"
"下列何者是「值星班長」身上配戴的識別物？","紅色背帶","藍白紅三色背帶","全綠色背帶","黃色臂章","B","值星班長配戴「青天白日滿地紅」（藍白紅）三色值星帶。","國軍內部管理實務"
"若役男有憂鬱或自殺傾向，應優先通報部隊中的哪個角色？","食勤兵","心輔官（輔導長）","福利社阿姨","門口衛兵","B","連輔導長（POA）是連隊的心輔第一線人員，負責關懷與轉介輔導。","國軍心理衛生工作指導要點"
"在單兵戰鬥教練中，通過「敵火下」通常採用何種移動方式？","大步奔跑","低姿匍匐或高姿匍匐","騎腳踏車","散步","B","為避免遭敵火擊中，在敵火下應採低姿勢（匍匐前進）利用地形掩蔽移動。","單兵戰鬥教練手冊"
"關於「內務標齊對正」，牙刷與牙膏的擺放方向通常為何？","隨便放","牙刷頭朝內，牙膏蓋朝前","牙刷頭朝外，牙膏蓋朝後","統一朝向某一特定方向（依單位規定）","D","各單位規定略有不同，但原則是「統一方向、整齊劃一」（常見為刷頭朝內/外統一）。","內務教則"
"新訓期間若遇「生理假」（女性役男或教召員），依規定可請幾天？","1天","3天","7天","每月1天","D","女性官兵因生理期不適，每月得請生理假1日（不併入病假計算）。","性別工作平等法/國軍請假規則"
"軍用雨衣通常被稱為什麼？","小飛俠","蝙蝠俠","黃色小鴨","塑膠袋","A","軍用雙濕牌雨衣（舊式）或斗篷式雨衣，因外型寬大，俗稱「小飛俠」。","[軍中小熱知識] 裝備"
"軍人行舉手禮（敬禮）時，手指應呈現何種狀態？","五指張開","握拳","五指併攏伸直","比讚","C","依據基本教練規定，敬禮時五指應併攏伸直，中指微貼帽簷或眉梢。","國軍基本教練"
"在軍中聽到「稍息」口令時，雙手應置於何處？","身體兩側","背後腰帶處","口袋內","抱胸","B","稍息時，雙手伸直置於背後，左手握右拳（或依各軍種規定），置於腰帶上緣。","國軍基本教練"
"下列何者為「二兵」的階級識別標誌（臂章或領章）？","一勾（一粗折槓）","二勾（二粗折槓）","三勾","一槓","A","國軍階級識別：二兵為一粗折槓（俗稱一勾），一兵為二粗折槓。","陸海空軍服制條例"
"若因病或因事請假，卻偽造證明文件（如假造訃聞），可能觸犯何種罪行？","詐欺罪或偽造文書罪","只是違規沒犯法","竊盜罪","毀損罪","A","偽造請假證明屬於刑事犯罪（偽造文書），且違反軍紀，將受嚴厲處分。","陸海空軍刑法"
"新兵在操作「大部分解」或「結合」槍枝時，最重要的原則是？","速度第一","不掉落零件且依序放置","可以隨意亂放","用力敲打","B","槍枝分解結合首重零件保管與順序，嚴禁暴力拆卸或遺失細小零件（如插銷）。","輕兵器保養手冊"
"軍中「早點名」的主要目的為何？","清查人數與精神講話","純粹罰站","看日出","吃早餐","A","早點名旨在確認全連人員是否到齊（有無逃亡或身體不適），並宣達當日注意事項。","國軍內部管理實務"
"依據規定，軍人著制服時，能否邊走邊吃東西？","可以，只要不被看到","絕對禁止","看食物種類","長官可以","B","軍人身著制服代表國家形象，嚴禁邊走邊吃或隨地坐臥。","國軍軍風紀維護實施規定"
"部隊行進間，若聽到「立定」口令，應先做什麼動作？","立刻停下","靠腿","繼續走三步","先在左腳煞車，再靠右腳","D","聽到立定口令（通常落在左腳），應再跨出右腳一步後，左腳靠上右腳成立正姿勢。","國軍基本教練"
"關於「刺刀」的形狀與特徵，T91/T65K2 步槍刺刀通常為？","單面刃","雙面刃","無刃","鋸齒狀","B","現役刺刀多具備雙面刃設計，且具備剪鐵絲網功能（配合刀鞘）。","兵工裝備諸元手冊"
"新訓期間若要打電話回家，通常是在什麼時間開放？","上課時間","午休或晚餐後之盥洗時段","隨時","半夜","B","手機使用通常管制於中午或晚間休息時間（視單位作息與表現而定）。","新兵生活管理實務"
"下列哪一個號碼是「反詐騙專線」，若接到可疑兵役電話可查證？","110","119","165","1985","C","遇到自稱部隊長官借錢或怪異兵役通知，應撥打 165 反詐騙專線查證。","警政署反詐騙宣導"
"在毒氣室體驗（核生化訓練）中，最主要的防護裝備是？","鋼盔","S腰帶","防毒面具","防彈背心","C","核生化訓練核心在於迅速且正確配戴防毒面具，以阻隔催淚性氣體（CS膠囊）。","核生化防護教範"
"國軍基本教練中，「向右轉」應以哪隻腳的腳跟為軸心？","左腳","右腳","雙腳","腳尖","B","向右轉：以右腳跟為軸心，左腳尖為輔助；向左轉則相反。","國軍基本教練"
"若在營區內發現有人「賭博」，應如何處理？","加入他們","借錢給他們","立即回報幹部","裝作沒看到","C","營區內嚴禁賭博（含撲克牌、手遊博弈），違者依軍紀處分甚至法辦。","國軍軍風紀維護實施規定"
"軍用罐頭（如紅燒牛肉罐頭）通常在什麼情況下會大量配發食用？","每天早餐","戰備演練或推陳（快過期）時","過年","生日","B","戰備口糧與罐頭通常在演習視同戰時用餐，或是庫存需「推陳」更新時才會配發。","國軍糧秣補給作業規定"
"關於「軍人身分證（補給證）」的用途，下列何者錯誤？","就醫優免證明","身分識別","可以拿去抵押借錢","進出營門查驗","C","軍人身分證屬公文書，嚴禁抵押、借貸或轉借他人使用，違者法辦。","國軍人員身分證管理規定"
"新訓中心實施「手榴彈投擲」時，新兵手中持有的是？","實彈","練習彈（鐵球）","煙霧彈","閃光彈","B","新訓鑑測多使用與實彈同重之「練習彈（實心鐵球）」進行測驗，僅特定課程才會有實彈體驗。","體能戰技測驗標準"
"當值星官下達「清槍」口令時，第一步動作通常是？","扣板機","卸彈匣","拉拉柄","開保險","B","清槍第一步必先「卸彈匣」，確保火藥來源移除，再檢查藥室有無子彈。","輕兵器射擊訓練手冊"
"下列何者是步槍射擊時的正確「閉氣」時機？","瞄準到擊發瞬間","全程憋氣","拉拉柄時","射擊後","A","射擊瞬間閉氣可穩定槍身，避免呼吸導致準星晃動。","輕兵器射擊訓練手冊"
"軍中「休假離營宣教」時，長官最常強調的「酒駕零容忍」原則是指？","喝一點沒關係","騎腳踏車可以喝","喝酒絕對不開車/騎車","喝啤酒可以","C","國軍對酒駕採「零容忍」政策，凡酒駕者一律重懲（撤職、記大過）。","國軍軍風紀維護實施規定"
"若不小心損壞軍用裝備（如水壺漏水、槍背帶斷裂），應如何處理？","偷偷跟鄰兵交換","用三秒膠黏","立即報告並申請更換/維修","丟掉裝傻","C","裝備損壞應依程序報修或更換，竊取鄰兵裝備（大風吹）會造成嚴重內部糾紛。","國軍裝備保養規定"
"下列何種髮型符合男性軍人（非新兵階段）的儀容標準？","染金色","龐克頭","兩側推短、後腦杓推高之短髮","長髮過肩","C","國軍標準髮型要求兩側鬢角推短，後腦髮根推高，不得染怪異髮色。","國軍儀容規定"
"在營區內走路，若遇到「升降旗」儀式正在進行，且無法看到國旗，應如何動作？","繼續走","原地立正，面向音樂方向致敬","坐下","跑步離開","B","聞升降旗歌聲，雖未見國旗，仍應原地立正向音樂方向致敬。","國軍內部管理實務"
"關於「識別證」的配戴，通常應掛於身體何處？","左胸口袋上緣或掛於頸部","褲子口袋","背面","拿在手上","A","識別證應配戴於左胸顯眼處或掛於頸部，以便衛哨與幹部識別。","營區門禁管制規定"
"軍人必須恪守的「行政中立」原則，意指？","不能投票","不得參與政黨活動或被迫支持特定候選人","可以穿軍服幫候選人站台","可以利用職權影響他人投票","B","軍人應超出個人、地域及黨派關係以外，依法保持政治中立。","國防法/行政中立"
"新兵入伍時填寫的「AB卡」（兵籍資料），若隱瞞前科或身心病史，會有什麼後果？","沒事","可能會影響後續分發或權益","會被獎勵","會直接退伍","B","兵籍資料應誠實填寫，隱瞞病史可能導致無法獲得適當醫療照顧或發生意外。","徵兵規則"
"部隊中「中山室」的全名通常是指？","中山紀念室","孫中山休息室","中山堂","文康中心","A","中山室（中山紀念室）具備餐廳、教室與文康休閒功能。","國軍內部管理實務"
"下列何種行為構成「逃亡」罪嫌？","逾假未歸或無故離去","遲到五分鐘","請假被駁回","不想起床","A","無故離去或假期結束不歸營，達一定時數即構成逃亡（無故離去罪）。","陸海空軍刑法"
"軍中使用的「S腰帶」，其「S」通常代表什麼意思？","Super","Small","Sliding (S-keeper) 或指其扣環形狀","Soft","C","S腰帶名稱源自其 S 型扣環 (S-shaped buckle) 或調整扣 (Slide keeper)。","[軍中小熱知識] 裝備"
"若在操課中發生中暑症狀（頭暈、噁心），鄰兵應協助的第一件事是？","移至陰涼通風處並鬆開衣物","灌熱水","叫他繼續跑","蓋棉被","A","中暑急救第一步：移至陰涼處、鬆開衣物散熱、灑水降溫並補充水分。","國軍中暑防治作業手冊"
"下列何者為國軍現行使用的「少尉」階級識別標誌（肩章）？","一條細槓","一條粗槓（一槓）","一顆梅花","兩顆梅花","B","少尉階級為一條粗槓（俗稱一槓），中尉為二槓，上尉為三槓。","陸海空軍服制條例"
"T91 步槍的射擊選擇桿（快慢機）上，「S」代表什麼意思？","單發 (Single)","保險 (Safe)","三發點放","連發","B","T91 選擇桿標示：S為保險(Safe)，1為單發，3為三發點放，A為全自動。","輕兵器射擊訓練手冊"
"在實施 CPR（心肺復甦術）時，目前的標準急救順序口訣是？","A-B-C (呼吸道-呼吸-胸外按壓)","C-A-B (胸外按壓-呼吸道-呼吸)","叫-叫-A-B-C","隨便做","B","最新急救準則強調優先建立循環，故順序調整為 C (Compressions 按壓) -> A (Airway 呼吸道) -> B (Breathing 呼吸)。","國軍緊急救護訓練手冊"
"新兵在部隊中聽到「向右看─齊」口令時，頭部應向哪個方向轉動？","向左","向右","不動","向上","B","排頭不動，其餘人員頭向右轉（看排頭），並以碎步調整隊伍標齊。","國軍基本教練"
"若在營區內遭遇「性騷擾」事件，下列何者是正確的處理方式？","隱忍不說","向加害人道歉","立即向幹部或申訴管道（1985）反映","在網路上爆料","C","國軍對性騷擾採零容忍態度，受害者應立即循管道申訴，由性平會介入調查。","國軍人員性騷擾處理實施規定"
"軍用防毒面具在配戴時，標準的「合格時限」通常為幾秒內完成？","3秒","9秒","30秒","1分鐘","B","核生化訓練標準要求在 9 秒內完成防毒面具配戴並測試氣密。","核生化防護教範"
"關於「禁閉室（悔過室）」的設置，現行法規是否還存在？","已完全廢除","改稱為「悔過」，仍存在但著重於法治教育","改為坐牢","改為罰錢","B","洪仲丘案後，禁閉室制度改革為「悔過」，著重於法治教育與反省，不再實施高強度體罰。","陸海空軍懲罰法"
"T91 步槍的大部分解順序，第一步（卸下彈匣後）通常是拆下什麼？","槍機","槍背帶","槍管","護木","B","大部分解順序：卸彈匣、檢查藥室無子彈後，通常先拆下槍背帶，再依序分解。","輕兵器保養手冊"
"在夜間站哨時，若聽到有人接近，第一動作應為？","直接開槍","大聲詢問口令（站住、口令、誰）","裝作沒看到","逃跑","B","夜間衛哨守則規定，遇不明人士接近應先喝止並查驗口令與身分。","衛哨勤務教範"
"國軍配發的「數位迷彩服」，其設計主要功能為何？","美觀","適應多地形隱蔽與抗紅外線偵測","保暖","防水","B","數位迷彩圖案能破壞視覺輪廓，並具備一定的抗紅外線夜視偵測能力。","國軍服裝研改說明"
"若在休假期間接到自稱「部隊長官」要求匯款或借錢的電話，應如何處置？","立刻匯款","遵從命令","撥打165或向原單位查證","不予理會","C","此為常見詐騙手法（猜猜我是誰），應透過官方管道或原單位電話查證。","反詐騙宣導資料"
"單兵戰鬥教練中，關於「低姿匍匐」的適用時機，下列何者正確？","遮蔽物較高時","遮蔽物低於60公分或敵火猛烈時","行軍時","睡覺時","B","當掩蔽物高度極低（如草叢、鐵絲網下）或敵火猛烈時，採低姿匍匐以降低被彈率。","單兵戰鬥教練手冊"
"下列何者是「士官長」的階級識別特徵？","粗折槓（勾）搭配一條紅線","只有粗折槓","金屬槓","梅花","A","士官長階級圖示為粗折槓上方搭配「二粗一細」等不同數量的紅色弧線。","陸海空軍服制條例"
"軍中規定的「就寢時間」通常為晚間幾點？","21:00","21:30或22:00","23:00","00:00","B","夏令時間通常為 22:00 就寢，冬令或新訓單位可能提早至 21:30 或 21:50 實施。","國軍內部管理實務"
"T91 步槍彈匣的標準裝彈量為幾發？","10發","20發","30發","50發","C","國軍制式步槍（T91/T65K2）彈匣標準容量皆為 30 發。","兵工裝備諸元手冊"
"下列關於軍人「出國旅遊」的規定，何者正確？","想去就去，不用報備","完全禁止出國","需事先申請核准，且不得前往特定管制地區（如中國大陸）","只能去日本","C","軍人出國需依規定事先申請核准，且目前前往中國大陸地區仍受嚴格管制。","國軍人員出國作業規定"
"在靶場射擊時，若發生「卡彈」故障，槍口應保持向何處？","向後","向上","向目標區（前方）","看自己腳下","C","發生故障時，槍口應始終指向目標區（安全方向），嚴禁對人或轉向後方。","輕兵器射擊訓練手冊"
"新訓期間發放的「水壺」，材質通常為？","玻璃","不鏽鋼或耐熱塑膠","陶磁","紙製","B","現行公發水壺多為不鏽鋼材質（舊式為塑膠），可裝熱水並直接加熱（不鏽鋼款）。","個人裝備介紹"
"關於「站衛兵」時的服裝儀容，下列何者錯誤？","須全副武裝（戴鋼盔、紮S腰帶）","可以穿拖鞋","需配戴臂章或識別證","服裝需整齊清潔","B","衛哨勤務代表營區門面與安全，嚴禁穿著拖鞋或服裝不整。","衛哨勤務教範"
"國軍對於「毒品」的態度為何？","偶爾吸食沒關係","零容忍，定期實施尿篩","放假可以吸","看運氣","B","國軍對毒品採絕對零容忍，入伍時及服役期間皆會不定期實施尿液篩檢。","國軍反毒教育宣導"
"當部隊進行「早點名」唱軍歌時，要求的重點為何？","音準要好","聲音宏亮、精神飽滿","歌詞隨便唱","小聲哼唱","B","軍歌演唱首重氣勢與團結，聲音宏亮與精神飽滿比音準更重要。","新兵生活管理實務"
"下列何者屬於「保密違規」行為？","將公文帶回家處理","在營區內使用未經核准的隨身碟","討論機密任務內容給無關人員聽","以上皆是","D","公文攜出、私接儲存設備、洩漏機密內容皆屬嚴重保密違規。","國軍保密工作實務"
"若因公受傷（如操課骨折），可申請何種權益？","國賠","公傷假與醫療補助","退伍令","獎金","B","因執行公務受傷，可開立證明申請公傷假，並由國軍醫院提供醫療照護。","國軍人員請假規則"
"軍中常說的「拉正」是什麼意思？","立正姿勢的一種","被長官叫去訓話或糾正儀態","拉單槓","拉筋","B","軍中術語，「被拉正」通常指被長官叫到面前嚴厲訓話或糾正錯誤。","[軍中小熱知識] 術語"
"T91 步槍在「清槍」檢查藥室有無子彈時，眼睛應注視何處？","彈匣座","藥室（槍膛）","準星","鄰兵","B","清槍目的是確認槍內無彈，故需將槍機固定在後，眼睛確實檢查藥室與槍膛內部。","輕兵器射擊訓練手冊"
"下列哪一種情況符合「免役」標準？","不想當兵","身高體重BMI值過高或過低達免役標準","家裡很有錢","學歷太高","B","免役需經體格檢查，確認身心狀況或BMI指數符合免役體位標準，非個人意願決定。","體位區分標準"
"軍人用槍時機中的「正當防衛」，是指？","對方罵你就開槍","為排除現在不法之侵害","長官叫你開就開","心情不好","B","用槍需符合法律規範，正當防衛係指為排除目前正在發生之不法侵害（如遭攻擊）。","衛哨勤務教範"
"關於軍中「大通鋪」寢室的生活禮儀，下列何者正確？","半夜大聲講電話","保持安靜，尊重他人休息時間","隨意拿別人的東西","不洗澡直接睡","B","團體生活首重互相尊重，寢室內應保持安靜與整潔。","新兵生活管理實務"
"若在操課中被蜜蜂或毒蛇咬傷，應如何處理？","用嘴吸出毒液","立即回報並送醫","塗抹口水","置之不理","B","野外遭蟲蛇咬傷應立即通報送醫，切勿使用偏方（如用嘴吸）以免傷勢惡化。","國軍緊急救護訓練手冊"
"新兵結訓後，分發到外島（金門、馬祖）的機率主要取決於？","抽籤","自願","戶籍地","以上皆有","D","外島分發主要靠抽籤，但部分人員可透過「戶籍地分發」或「自願外島」優先前往。","役男分發作業規定"
"依據《陸海空軍刑法》，「衛兵哨兵廢弛職務罪」通常是指下列何種行為？","站哨時睡覺或擅離崗位","站哨時喝水","站哨時蚊子叮沒打","站哨時流汗","A","衛哨兵於執行勤務時睡眠、飲酒或擅離職守，足生軍事上之不利益者，構成廢弛職務罪。","陸海空軍刑法"
"在核生化攻擊狀況下，聽到毒氣警報聲響，應立即大喊什麼口令？","毒氣！毒氣！","快跑！","救命！","掩護！","A","聽到警報或發覺毒氣時，應立即閉氣並大聲複誦「毒氣！毒氣！」，隨即戴上防毒面具。","核生化防護教範"
"關於 T91 步槍的「槍機」功能，下列敘述何者正確？","負責推彈入膛、閉鎖、擊發、退殼","只能用來瞄準","是裝飾品","負責裝水","A","槍機是步槍的心臟，負責將子彈推入藥室、閉鎖槍膛、擊發底火以及抓取彈殼退出。","兵工裝備諸元手冊"
"新兵入伍期間，若發生「皮帶（S腰帶）」過長或過短，應該如何調整？","用剪刀剪斷","調整腰帶內側的調節扣環（S-Keeper）","打結","用膠帶黏","B","S腰帶設有金屬調節扣，可依個人腰圍調整長度，嚴禁破壞性剪裁。","個人裝備使用規範"
"部隊行進間，當指揮官下達「跑步─走」口令時，第一步應先出哪隻腳？","右腳","左腳","雙腳跳","隨便","B","所有行進口令（齊步、跑步），起步時原則上皆先出「左腳」。","國軍基本教練"
"下列何者是「中士」的階級識別標誌？","一粗一細折槓","二粗折槓","三粗折槓","一槓","A","中士階級為一粗折槓搭配下方一條細弧線（俗稱一粗一細）。","陸海空軍服制條例"
"軍中「晚點名」的主要內容除了清查人數外，通常還包含什麼？","吃宵夜","唱軍歌與呼口號","看電影","洗澡","B","晚點名程序通常包含唱軍歌、呼口號（奉行三民主義...）以及宣達明日操課重點。","國軍內部管理實務"
"若在野外操課發現疑似「爆裂物」或未爆彈，下列處置何者最危險？","撿起來看","標示位置並遠離","通報幹部","警告他人勿近","A","絕對禁止觸碰或撿拾不明爆裂物，因為極可能因震動而引爆。","未爆彈處理安全規定"
"新訓中心對於「指甲」的檢查標準為何？","可以留長指甲","必須剪短，且不得藏汙納垢","可以塗指甲油","只檢查腳指甲","B","為求衛生與整潔，手腳指甲皆須定期修剪至切齊指肉，且不得留黑邊。","國軍儀容規定"
"關於軍用「水壺套」底部的小洞，其主要功能為何？","破損","排水孔","透氣","裝飾","B","底部金屬環孔為排水孔，讓水壺套進水時能迅速排出，避免積水增加重量或發霉。","個人裝備介紹"
"在實彈射擊場上，若聽到「停止射擊」口令，射手應立即做什麼？","繼續把子彈打完","手指離開板機，槍口指向目標區，停止射擊","站起來","把槍丟掉","B","聽到停止射擊，應立即鬆開板機，但槍口仍須保持指向前方安全區，等待後續口令。","輕兵器射擊訓練手冊"
"國軍規定的「中暑危險係數」計算公式，主要是依據哪兩個數值？","溫度與濕度","風速與雨量","身高與體重","時間與地點","A","中暑危險係數 = 室外溫度(℃) + 相對濕度(%) × 0.1，用以評估熱傷害風險。","國軍中暑防治作業手冊"
"下列哪種行為符合軍中「禮節」規範？","見到長官裝忙","進出辦公室喊「報告」","吃飯時把腳翹起來","對長官直呼名諱","B","進出長官辦公室或中山室，須先在門口立正喊「報告」，獲准後方可進入。","國軍內部管理實務"
"若因任務需要必須「夜宿野外」，搭建帳篷時應避開何種地形？","平坦地","河床或低窪地","乾燥地","避風處","B","河床或低窪地在夜間若遇暴雨極易暴漲或積水，造成溺水或裝備流失風險。","野外求生教範"
"T91 步槍保養時，塗抹「CLP 保養油」的主要目的不包含下列何者？","潤滑","防鏽","清潔","助燃","D","CLP 保養油具備清潔 (Clean)、潤滑 (Lubricate)、防鏽 (Preserve) 三大功能，非助燃劑。","輕兵器保養手冊"
"軍人「服從」的對象，下列何者優先順序最高？","直屬長官與合法命令","學長","鄰兵","福利社老闆","A","軍人以服從命令為天職，應服從直屬長官依法下達之命令。","陸海空軍軍官士官服役條例"
"關於「莒光日」寫作（心得寫作），若內容涉及批評時政，會有什麼後果？","直接判刑","視內容而定，通常會被幹部約談了解","會被獎勵","沒人會看","B","大兵手記雖鼓勵抒發，但若內容偏激或涉及敏感議題，輔導長通常會介入關切與輔導。","政戰實務工作"
"新兵在營區內若遺失「身分證」，應向哪個單位掛失與補辦？","向連長補辦","向營區福利社補辦","向戶政事務所掛失補辦","不用補辦","C","身分證遺失應立即向戶政機關（可線上或臨櫃）掛失並補發，部隊無法補發身分證。","戶籍法"
"下列何者是「上士」的階級識別標誌？","一粗二細折槓","二粗一細折槓","三粗折槓","一槓","A","上士階級為一粗折槓搭配下方兩條細弧線（俗稱一粗二細）。","陸海空軍服制條例"
"軍用背包（黃埔大背包/隨兵袋）在裝填時，通常建議將「重物」放在哪裡？","最底部","靠近背部（內側中上方）","最外側","隨便放","B","重物應靠近背部且位置偏高，可讓重心貼近身體，減少行軍時的負擔與拉扯感。","野外求生與裝備打包技巧"
"當兵期間若收到法院傳票（如需出庭作證），應如何處理？","裝作沒收到","向部隊請公假出庭","請事假","叫長官幫我去","B","憑法院傳票或通知書，可向部隊申請公假前往出庭。","國軍人員請假規則"
"關於「手榴彈」的安全插銷，投擲前必須做什麼動作？","拔除","用膠帶黏住","塗油","轉三圈","A","投擲前須先拔除安全插銷，手榴彈的擊發機構才會進入待發狀態（握片彈開即引爆）。","手榴彈投擲訓練手冊"
"下列何者屬於「軍品」，嚴禁私自帶離營區？","公發內衣","迷彩服與S腰帶","自己買的牙刷","衛生紙","B","迷彩服、S腰帶、鋼盔等皆屬公家財產（經理裝備），退伍須繳回，私帶出營屬侵占公物。","陸海空軍刑法"
"若在操課時發生「抽筋」，當下的處置方式為何？","用力拉扯","反向伸展肌肉並按摩","冰敷","繼續跑","B","抽筋時應立即停止運動，對痙攣肌肉進行反向伸展（如小腿抽筋則將腳板向後壓）。","國軍體能訓練手冊"
"軍中「公差」的意思是什麼？","出國出差","執行臨時性勤務或雜務","被懲罰","放假","B","公差指被指派執行額外勤務（如搬東西、打掃、文書處理），有時可獲得福利（如提早洗澡）。","[軍中小熱知識] 術語"
"T91 步槍射擊時，若產生「卡彈」，最常見的簡易排除法口訣是？","拍、拉、看、瞄、射","沖、脫、泡、蓋、送","叫、叫、A、B、C","推、拖、拉","A","簡易故障排除程序：拍（彈匣底板）、拉（拉柄）、看（藥室）、瞄（準目標）、射（擊）。","輕兵器射擊訓練手冊"
"關於軍用「雨衣」的保養，使用後最重要的一步是？","直接折好收起來","曝曬在烈日下","陰乾","用吹風機吹","C","雨衣使用後必須在陰涼通風處徹底「陰乾」，避免發霉或防水膠條老化剝落。","經理裝備保養規定"
"部隊集合時，若班長喊「中央伍為準」，中央伍的人員應如何動作？","舉手喊「我」","蹲下","向後轉","趴下","A","被指定為基準伍（中央伍）的人員，應舉左手並大聲答「我」，作為隊伍標齊的基準。","國軍基本教練"
"依據國軍規定，役男入伍後，能否在營區內進行「網路直播」？","可以，只要不拍到機密","絕對禁止","長官同意就可以","午休時間可以","B","營區內嚴禁使用直播功能（Facebook Live, IG等），違者將依資安規定嚴懲。","國軍資通安全獎懲規定"
"新兵在操作「單兵戰鬥教練」時，除了動作外，還必須大聲喊出什麼？","歌詞","口令與報告詞","數字","名字","B","單戰教練要求動作與口令一致，需大聲背誦各狀況之處置報告詞。","單兵戰鬥教練手冊"
"下列何者為「上校」的階級識別標誌（肩章）？","一顆梅花","兩顆梅花","三顆梅花","一顆星星","C","上校階級為三顆梅花，中校為兩顆，少校為一顆。","陸海空軍服制條例"
"關於 T91 步槍的「有效射程」，一般公認約為多少公尺？","100公尺","400-600公尺","1000公尺","2000公尺","B","T91 步槍之有效射程約為 400 至 600 公尺（視瞄具與槍管長度而定）。","兵工裝備諸元手冊"
"在軍中「中山室」坐下時，若班長未下達「坐下」口令，應保持何種姿勢？","自己找位子坐","立正站好","蹲下","趴在桌上","B","軍令如山，未聞「坐下」口令前，應於座位前保持立正姿勢。","國軍基本教練"
"下列何者是「少將」的階級識別標誌？","三顆梅花","一顆星","二顆星","三顆星","B","將官階級識別：少將為一顆星，中將為二顆星，上將為三顆星。","陸海空軍服制條例"
"新兵在操作「防毒面具」清洗時，哪一個部件「絕對不能」碰到水？","面具本體","頭帶","濾毒罐","飲水管","C","濾毒罐內含活性碳與化學藥劑，遇水會失效報銷。","核生化防護教範"
"若在營區內發現「無人機」在上空盤旋，應如何處置？","拿石頭丟","拍照上傳","立即通報幹部與戰情中心","不予理會","C","發現不明無人機應立即回報，依標準作業程序（SOP）進行干擾或處置。","國軍無人機防禦作業規定"
"軍用鋼盔外部通常會套上一層「迷彩盔布」，其主要功能除了偽裝外，還有什麼？","好看","減少鋼盔反光與碰撞聲響","防彈","防水","B","盔布可消除鋼盔金屬反光，並設有插孔可插草偽裝，亦能減少碰撞時的金屬聲響。","個人裝備介紹"
"關於「識別證」遺失的後果，下列何者正確？","沒關係再買一個","會受行政處分（如禁足、罰勤）並需重新辦理","可以借別人的來用","不用辦了","B","識別證屬重要證件，遺失視同保管不當，通常會處以罰勤或禁足，並需寫報告補辦。","營區門禁管制規定"
"在單兵戰鬥教練中，聽到「砲擊」口令時，應立即採取何種動作？","臥倒（趴下）並掩住耳目口鼻","站著不動","快跑","跳躍","A","遭砲擊時應立即臥倒，雙手掩耳、張口、閉眼，腹部離地，減少衝擊波傷害。","單兵戰鬥教練手冊"
"新兵入伍後，是否有權利拒絕「尿液篩檢」？","有權拒絕","看心情","無正當理由不得拒絕","可以請律師來才驗","C","依規定，國軍人員應接受毒品尿液篩檢，無正當理由拒絕者可依相關規定懲處。","國軍反毒教育宣導"
"下列何者是「士官」與「軍官」敬禮時的正確互動？","軍官先向士官敬禮","士官先向軍官敬禮","不用敬禮","互相擁抱","B","依軍中倫理與階級制度，階級較低者（士官）應主動向階級較高者（軍官）敬禮。","國軍內部管理實務"
"若在操課時不慎將「T91 步槍」槍口插進泥土裡，應如何處理？","直接擊發把泥土噴出來","立即停止使用並通報幹部清潔槍管","用水沖","用力甩","B","槍口阻塞時射擊會導致膛炸，極度危險，必須立即停止射擊並清除異物。","輕兵器射擊訓練手冊"
"軍用「S腰帶」上的孔洞（銅孔），主要用途是？","通風","配合裝備掛勾（如彈袋、水壺）之固定","美觀","減輕重量","B","S腰帶上的孔洞是為了讓美式掛勾（Slide Keeper）穿過固定，防止裝備滑動。","個人裝備使用規範"
"關於「榮譽假」（提早假）的核發標準，通常依據為何？","運氣","內務整理、公差表現與體能成績","家世背景","長相","B","表現優異者（如內務評比優良、擔任辛苦公差、打靶滿分），主官得裁量核予榮譽假。","國軍人員休假規定"
"在野外行軍時，若水壺的水喝完了，能否直接飲用溪水？","可以，越清澈越好","不行，未經煮沸或過濾嚴禁飲用","看運氣","加鹽巴就可以喝","B","野外水源可能含有寄生蟲或細菌，未經煮沸或消毒片處理，嚴禁直接飲用。","野外求生教範"
"下列何者為 T91 步槍的「準星」調整方式？","用手轉","使用彈尖或專用工具調整","用鐵鎚敲","無法調整","B","T91 準星需使用工具或子彈尖端插入準星調整孔進行旋轉調整（高低）。","輕兵器射擊訓練手冊"
"軍中「公差」勤務結束後，通常需要向誰回報？","不用回報","福利社阿姨","指派公差的幹部（班長/排長）","鄰兵","C","任務完成後必須向指派之下達命令者「回報」任務結束，始能歸建。","國軍內部管理實務"
"若在營區內發生「火災」，通報時應明確說出哪些資訊？","火災地點、燃燒物質、有無人員受困","只要尖叫就好","說失火了然後掛電話","說快點來救火","A","通報火災需冷靜說明：地點、火勢狀況、燃燒物種類及有無人員受困，以利派遣對應車輛。","消防安全教育手冊"
"下列關於「刺刀鞘」的功能，除了收納刺刀外，還能配合刺刀本體做什麼？","當鐵鎚","剪斷鐵絲網","當鏟子","當鏡子","B","現役刺刀與刀鞘結合後，利用槓桿原理可剪斷鐵絲網。","兵工裝備諸元手冊"
"新訓期間，若遇到「放假」，通常必須在什麼時間前回報安全？","不用回報","依單位規定時間（如每日兩次）","退伍後再回報","睡前想打就打","B","休假期間需依互助組回報規定，定時向幹部回報所在位置與狀況。","國軍人員休假互助回報規定"
"在軍中聽到「起立」口令時，雙手應置於何處？","抱胸","貼緊褲縫（立正姿勢）","插口袋","摸頭","B","起立後應立即成立正姿勢，雙手五指併攏貼緊褲縫，抬頭挺胸。","國軍基本教練"
"關於「莒光園地」的課後心得寫作，是否有字數規定？","沒有規定","通常有最低字數要求","寫一個字就好","不用寫","B","各大隊/連隊通常會規定大兵手記的心得字數下限（如100字），以確保有認真收視。","政戰實務工作"
"若因「痼疾」（舊傷）無法操作特定體能課目（如伏地挺身），應如何處理？","硬撐到受傷","向幹部出示證明並申請開立「免技測」或調整訓練強度","直接裝死","逃兵","B","持醫生證明向醫務所申請「全休、半休」或免除特定體能測驗，切勿隱忍。","國軍體能訓練規定"
"T91 步槍的槍托可以做什麼調整？","伸縮調整長度","折疊","拆下來當枕頭","旋轉","A","T91 設有伸縮槍托，可依射手體型與穿著裝備調整長度（通常有3-4段）。","兵工裝備諸元手冊"
"軍人穿著制服騎乘機車時，關於雨衣的穿著規定為何？","只能穿公發雨衣","應穿著切齊制服顏色之雨衣（通常為深色/黑色），不可穿輕便黃雨衣","不能穿雨衣","隨便穿","B","穿著軍服騎車應穿著端莊之雨衣（如黑色/深藍色），避免穿著透明或亮黃色輕便雨衣破壞形象。","國軍軍風紀維護實施規定"
"在操作「大部分解」時，結合銷（插銷）拆下後應放在哪裡？","隨便丟","拿在手上","指定的位置或盒子內，避免滾落遺失","口袋裡","C","細小零件（如結合銷）極易遺失，務必依序整齊放置於乾淨軟墊或盒內。","輕兵器保養手冊"
"下列何者是「一等士官長」的階級識別標誌？","一粗一細","二粗一細","粗折槓搭配三條細弧線","一顆星","C","一等士官長為士官最高階，識別為粗折槓搭配下方三條細弧線。","陸海空軍服制條例"
"若在衛哨勤務中「擅離職守」（跑去買飲料），可能會觸犯什麼法律？","民法","道路交通管理處罰條例","陸海空軍刑法","社會秩序維護法","C","衛兵擅離職守屬違反《陸海空軍刑法》之重罪，可處徒刑。","陸海空軍刑法"
"軍中「早點名」時，聽到自己的名字，應大聲回答什麼？","有","到","嘿","在","A","早點名點呼名字時，應大聲答「有」。","國軍內部管理實務"
"下列何者是防中暑最簡單也最重要的手段？","多喝水","多睡覺","多吃冰","不曬太陽","A","少量多次、定時定量的「喝水」是預防熱傷害最核心的手段。","國軍中暑防治作業手冊"
"在軍中聽到「稍息」口令後，若班長接著喊「立正」，第一動作應為何？","左腳靠向右腳","右腳靠向左腳","雙腳跳","不用動","A","立正時，左腳跟靠向右腳跟，兩腳尖向外張開約45度（或依各軍種規定）。","國軍基本教練"
"軍中俗稱的「么八假」是指何時離營休假？","休假當日早上08:00","休假前一日晚上18:00","休假當日晚上18:00","休假前一日早上08:00","B","「么八」即 18:00，指在休假前一天的晚餐後（18:00）即可離營，是榮譽假的象徵。","[軍中小熱知識] 術語"
"T91 步槍在進行「大部分解」時，槍機拉柄應在何時取下？","取下槍機總成之後","取下彈匣之前","取下槍機總成之前","隨便","A","分解順序：卸彈匣→分解結合銷→取下槍機總成→取下槍機拉柄。","輕兵器保養手冊"
"下列何者為「二等士官長」的階級識別標誌？","一粗折槓","二粗折槓","粗折槓搭配二條細弧線","一顆星","C","二等士官長為粗折槓搭配下方兩條細弧線。","陸海空軍服制條例"
"若在「毒氣室」內感到呼吸困難或眼淚直流，能否自行拔除防毒面具？","可以，受不了就拔","絕對禁止，需待教官指示","可以拔下來透氣再戴回去","立刻衝出去","B","在毒氣室內拔除面具會導致吸入高濃度 CS 膠囊氣體，極度痛苦且危險，須服從教官口令。","核生化防護教範"
"新兵在營區內使用公共電話或手機通話時，若遇到長官經過，應如何處理？","繼續講","立刻掛斷並立正問好","轉過身去裝沒看到","揮手致意","B","見長官經過應立即停止通話，立正向長官問好，待長官離開或示意後再繼續。","國軍內部管理實務"
"關於 T91 步槍的「拋殼窗蓋」，在槍機後退（拉拉柄或射擊）時會如何？","自動關閉","自動彈開","需手動打開","會掉下來","B","T91 設計上，當槍機向後運動時，防塵蓋（拋殼窗蓋）會受推動而自動彈開。","兵工裝備諸元手冊"
"在單兵戰鬥教練中，關於「敵火下作業」的破壞剪鐵絲網動作，剪斷瞬間應注意什麼？","大聲歡呼","閉眼並將臉部背向鐵絲網","站起來剪","用手撥開","B","鐵絲網剪斷瞬間會彈開，應閉眼、低頭並背向斷裂處，以免遭彈射之鐵絲割傷臉部或眼睛。","單兵戰鬥教練手冊"
"軍中「洞八假」是指何時離營休假？","休假當日早上08:00","休假前一日晚上18:00","休假當日晚上20:00","休假前一日早上08:00","A","「洞八」即 08:00，指休假當天早上集合完畢後才離營，為一般正常的放假時間。","[軍中小熱知識] 術語"
"下列何種物品嚴禁放入「內務櫃」中？","食物與飲料","盥洗用具","衛生紙","衣服","A","為防蟲鼠與維持整潔，內務櫃內嚴禁存放食物或含糖飲料。","新兵生活管理實務"
"若在操課中發生「槍枝走火」意外，首要處置為何？","把槍丟掉","保持槍口指向安全方向，立即通報並檢查人員有無受傷","大聲尖叫","把子彈撿起來","B","發生走火切勿驚慌亂動槍口，應固定槍口指向安全處，並立即確認有無人員傷亡。","輕兵器射擊訓練手冊"
"關於「識別證」的顏色與樣式，通常是用來區分什麼？","心情","階級、單位或職務權限","年齡","薪水高低","B","不同顏色或版型的識別證代表不同單位、通行權限或職務（如通行證、臨時證等）。","營區門禁管制規定"
"軍人行進間若要「變換方向」（如向左轉），口令動令（走）通常落在腳的哪一側？","與轉彎方向同側之腳（如向左轉落在左腳）","與轉彎方向反側之腳","雙腳同時","隨便","A","行進間轉法：口令動令落在同側腳（向左轉，動令落在左腳），再跨一步後轉向。","國軍基本教練"
"在野外求生中，若缺乏水源，下列何種植物可作為緊急水源？","有乳白色汁液的植物","有毒植物","黃藤或芭蕉莖部","枯木","C","部分植物如黃藤、芭蕉莖部含水量高且無毒，可作為緊急水源；乳白色汁液通常有毒。","野外求生教範"
"下列何者是「中將」的階級識別標誌？","一顆星","二顆星","三顆星","四顆星","B","中將階級識別為兩顆星（左右肩各二）。","陸海空軍服制條例"
"T91 步槍射擊後，若彈匣內子彈打光，槍機通常會固定在什麼位置？","前方（閉鎖）","後方（槍機掛在後）","中間","掉出來","B","T91 具備「無彈後定」功能，子彈打光後托彈板會頂起槍機卡榫，使槍機固定在後方。","兵工裝備諸元手冊"
"關於「軍用卡車（中戰/大卡）」乘坐規定，上下車時應如何？","直接跳下來","依序從後方登車梯上下，嚴禁跳車","爬輪胎","從駕駛座爬","B","上下軍車必須使用登車梯或腳踏板，「嚴禁跳車」以防骨折或扭傷。","車輛行車安全規定"
"新兵入伍期間，若遇到「家屬急事」需要聯絡，家屬應優先撥打什麼電話？","連長手機或連隊安官桌電話","110","役男手機（若被收繳則沒用）","國防部總機","A","家屬應留存連隊安官桌（安全士官）電話或連級幹部電話，以便緊急聯繫。","新兵入伍準備須知"
"在實施 CPR 時，若患者恢復呼吸心跳，應將患者採何種姿勢？","趴著","復甦姿勢（側躺）","坐起來","站起來","B","恢復呼吸心跳後，應採「復甦姿勢（側臥）」以保持呼吸道暢通，防止嘔吐物阻塞。","國軍緊急救護訓練手冊"
"下列何者屬於「軍法」加重刑責的時機？","平時","戰時","放假時","睡覺時","B","依《陸海空軍刑法》，「戰時」犯罪通常會加重其刑，甚至處以死刑。","陸海空軍刑法"
"軍中「安全士官（安官）」的主要職責為何？","看電視","清查人數、槍械管制、維護營區安全與接聽電話","睡覺","煮飯","B","安全士官是連隊的安全樞紐，負責全連人員掌控、軍械安全與緊急狀況回報。","國軍內部管理實務"
"若在操課時聽到「注意」口令，全體人員應立即做什麼動作？","立正並注視發令者","蹲下","趴下","向後轉","A","「注意」為預令或提醒口令，聞令者應立即停止動作，立正並注視發令長官。","國軍基本教練"
"關於「綁腿（迷彩褲管）」的使用，主要目的是？","好看","防止蚊蟲與異物進入褲管，並防止褲管勾到障礙物","保暖","止血","B","綁腿（或膠圈）將褲管束緊，可避免毒蟲鑽入、防止褲管鬆散勾絆，並維持儀容整潔。","國軍服裝穿著規定"
"T91 步槍的「防火帽」設計，主要功能為何？","裝飾","減低槍口火光與部分後座力","增加重量","當刺刀座","B","防火帽可分散排出氣體，抑制槍口火光（避免夜間暴露位置）並兼具制退（減低後座力）功能。","兵工裝備諸元手冊"
"下列何者是「上將」的階級識別標誌？","一顆星","二顆星","三顆星","五顆星","C","上將階級識別為三顆星（一級上將已廢除或不再晉升，目前最高為三星上將）。","陸海空軍服制條例"
"在軍中「洗餐盤」時，通常會有幾道程序？","一道（水沖）","三道（熱水去油、泡沫清洗、清水沖洗）","不用洗","帶回家洗","B","軍中洗碗通常設有三桶水：熱水（去油）、肥皂水（清洗）、清水（沖淨）。","新兵生活管理實務"
"若在營區內看到「長官車」（懸掛將軍旗或指揮官旗）經過，應如何致意？","不用理會","停下腳步，原地立正致敬","追著車跑","拿手機拍","B","見懸掛主官旗幟或將星旗之車輛，視同見到長官本人，應原地立正致敬。","國軍內部管理實務"
"單兵戰鬥教練中，關於「土工器具（圓鍬/十字鎬）」的攜帶位置？","拿在手上","掛在S腰帶後方或背包上","咬在嘴裡","藏在口袋","B","土工器具通常有專用攜行套，掛載於 S 腰帶後方（屁股處）或背包側面。","個人裝備使用規範"
"新兵入伍後的「第一次放假」，通常會要求什麼？","家屬接送","必須穿軍服","不能帶行李","必須理光頭","A","部分新訓單位為確保安全，第一次休假（懇親假）會要求家屬親自到營區接送。","新兵入伍訓練實施計畫"
"關於「刺刀」的使用，嚴禁將其插在什麼地方？","刀鞘內","土裡","S腰帶上","背包裡","B","嚴禁將刺刀插入土中，土壤濕氣與酸鹼值會嚴重腐蝕刀身，且會磨損刀鋒。","個人裝備保養規定"
"下列何者是「一兵（一等兵）」的階級識別標誌？","一粗折槓","二粗折槓","三粗折槓","一槓","B","一兵階級為二粗折槓（俗稱二勾），二兵為一粗折槓，上兵為三粗折槓。","陸海空軍服制條例"
"在軍中聽到「向後─轉」口令時，應以哪隻腳的腳跟為軸心旋轉？","左腳","右腳","雙腳","隨便","B","向後轉動作：以右腳跟為軸心，左腳尖為輔助，向後旋轉180度。","國軍基本教練"
"T91 步槍的「準星」主要負責調整射擊的哪一個偏差？","高低（上下）","方向（左右）","威力","後座力","A","T91 準星負責調整彈著點的高低（上下）偏差；覘孔則負責調整方向（左右）。","輕兵器射擊訓練手冊"
"關於軍用「鋼盔」的扣環（下巴帶），佩戴時應保持什麼狀態？","鬆鬆的比較舒服","緊扣下巴，不得鬆脫","不扣","掛在後腦勺","B","佩戴鋼盔時，下巴帶必須確實扣緊並服貼下巴，以免劇烈運動時鋼盔脫落。","個人裝備使用規範"
"若在衛哨執勤時感到身體嚴重不適（如劇烈腹痛），應如何處理？","擅自離開去看醫生","忍耐到底","立即通報安官或長官請求接替","躺在地上睡覺","C","衛哨嚴禁擅離職守，遇突發狀況應通報上級請求接替，待接替人員到場後方可離開。","衛哨勤務教範"
"下列何種行為被視為「破壞軍紀」的嚴重違規？","內務沒折好","逾假未歸（逃亡）","吃飯掉筷子","唱歌走音","B","逾假未歸視同逃亡，是極為嚴重的法紀問題，會立即發布離營通報並移送法辦。","陸海空軍刑法"
"新兵在「單兵戰鬥教練」中，實施「左/右翻滾」動作時，槍枝應置於何處？","抱在胸前","放在地上","置於翻滾方向之反側，緊貼身體","拋向空中","C","槍枝應緊貼身體外側（翻滾方向之反側），利用身體保護槍枝避免碰撞受損。","單兵戰鬥教練手冊"
"關於「中暑」的典型症狀，下列敘述何者正確？","體溫正常","皮膚乾熱發紅、無汗、意識不清","大量流汗","手腳冰冷","B","重度中暑（熱射病）的特徵是體溫極高（>40度）且皮膚乾熱「無汗」，具生命危險。","國軍中暑防治作業手冊"
"軍中「莒光簿（大兵手記）」通常都在每週的哪一天撰寫？","週一","週四","週五","週日","B","配合每週四下午的莒光園地電視教學，通常會於當日或隨後撰寫心得。","政戰實務工作"
"T91 步槍的「覘孔（後照門）」主要負責調整射擊的哪一個偏差？","高低","方向（左右）","射程","威力","B","覘孔設有風偏調整螺，主要用於修正彈著點的左右方向偏差。","輕兵器射擊訓練手冊"
"在室內向長官「敬禮」時，通常採用何種禮節？","舉手禮","鞠躬禮","注目禮","握手","B","依據軍人禮節，室內（未戴帽時）通常行鞠躬禮；室外（戴帽）則行舉手禮。","國軍內部管理實務"
"下列何者是「中尉」的階級識別標誌？","一條粗槓","二條粗槓","三條粗槓","一顆梅花","B","中尉階級為二條粗槓（二槓），少尉為一槓，上尉為三槓。","陸海空軍服制條例"
"若在操課中發現「防毒面具」破損或氣密不良，應如何處置？","用膠帶黏","立即報告並申請更換","跟鄰兵交換","裝作沒事","B","核生化裝備攸關性命，發現損壞應立即依程序報賠與申請更換。","核生化防護教範"
"關於「內務標齊」，掛在衣櫃內的軍服，其袖口通常要朝向哪個方向？","朝左","朝右","統一朝向（通常朝外或朝內）","隨便放","C","內務要求整齊劃一，衣架掛勾與袖口方向全連必須統一（通常依單位規定）。","內務教則"
"在實彈射擊時，若發生「不發彈（扣板機沒反應）」，槍口應維持指向目標區幾秒後再處理？","立刻拉拉柄","1秒","至少10-15秒（遲發火預防）","不用等","C","為防止「遲發火」（火藥延遲燃燒），應保持槍口指向目標區約 15 秒後再行故障排除。","輕兵器射擊訓練手冊"
"軍中「休假」期間，能否未經核准私自「出國」？","可以，護照在自己身上","不行，軍人出國受嚴格管制","看去哪裡","不用管規定","B","軍人身分受出國管制，未經申請核准私自出國屬違法行為（甚至可能被攔下）。","國軍人員出國作業規定"
"下列何者為「上兵（上等兵）」的階級識別標誌？","一粗折槓","二粗折槓","三粗折槓","一槓","C","上兵階級為三粗折槓（俗稱三勾）。","陸海空軍服制條例"
"在操作「心肺復甦術 (CPR)」時，按壓胸部的深度至少需達到幾公分？","1公分","3公分","5公分","10公分","C","對成人實施 CPR，按壓深度建議至少 5 公分，以確保能有效擠壓心臟輸送血液。","國軍緊急救護訓練手冊"
"新兵入伍後，在營區內是否可以「喝酒」？","可以，少量即可","只有放假前可以","絕對禁止","長官請客就可以","C","營區內全面禁酒（包含含有酒精的提神飲料），違者依軍紀嚴懲。","國軍軍風紀維護實施規定"
"關於 T91 步槍的清潔，使用「銅刷」主要是用來刷洗哪裡？","槍身外部","槍托","槍膛（藥室）與槍管內部","刺刀","C","銅刷硬度適中，專門用於清除槍管與藥室內部的積碳與銅垢。","輕兵器保養手冊"
"當指揮官下達「跑步」預令時，雙手應做什麼動作？","不動","握拳並迅速提至腰際","舉手","拍手","B","聞「跑步」預令，雙手應握拳並迅速提至腰際（手肘彎曲約90度），準備起跑。","國軍基本教練"
"若在營區內撿到「錢包」，應送交何處？","自己收起來","交給鄰兵","交給安官桌或輔導長招領","丟垃圾桶","C","拾金不昧是軍人基本品德，應立即交由幹部或安官桌進行遺失物招領。","國軍內部管理實務"
"關於「軍歌比賽」的評分標準，除了歌聲外，還包含什麼？","指揮動作與隊伍步伐整齊度","舞步","服裝華麗度","個人獨唱","A","軍歌比賽重視團隊精神，步伐整齊、精神士氣與指揮官的表現皆是評分重點。","政戰實務工作"
"下列何者是「士官」階級中最低的階級？","二兵","下士","少尉","士官長","B","士官階級由低至高為：下士、中士、上士、士官長。","陸海空軍軍官士官任官條例"
"在野外行軍遇雨天時，關於「雨衣」的穿著，通常會將什麼裝備包在雨衣裡面？","槍枝","S腰帶與彈袋","背包","以上皆非","B","穿著舊式雙濕牌雨衣或斗篷時，S腰帶與裝備通常繫於雨衣內側（或依單位規定），以免裝備淋濕。","國軍服裝穿著規定"
"若發生「性騷擾」案件，被害人可於事件發生後多久內提出申訴？","24小時","1週","1年","依性平法規定（通常為知悉後1年內）","D","依規定，性騷擾申訴通常應於知悉事件後一年內提出（視情節與法規更新而定）。","國軍人員性騷擾處理實施規定"
"新兵在「手榴彈投擲」前，必須先完成什麼訓練以確保臂力與安全？","伏地挺身","3000公尺跑","手榴彈基本投擲動作與暖身","游泳","C","投彈極易造成手臂拉傷或脫臼，投擲前必須進行充分暖身與動作模擬訓練。","手榴彈投擲訓練手冊"
"軍中「公發內衣」的顏色通常為？","紅色","迷彩綠（墨綠）","白色","黃色","B","現行國軍操作服內搭之公發內衣為迷彩綠（墨綠色），具排汗功能。","國軍服制規定"
"在各種隊形集合時，「看齊」的基準通常是依據誰？","排尾","排頭（中央伍）","班長","連長","B","隊伍看齊通常以「排頭」或指揮官指定之「中央伍」為基準進行標齊。","國軍基本教練"
"關於「軍人禮節」，在校園或營外穿著制服遇到國旗時，應如何致意？","不用理會","行舉手禮或立正致敬","躲起來","拍照","B","身著軍服代表國家，遇國旗或升降旗儀式應行舉手禮或立正致敬。","國軍內部管理實務"
"下列何者為 T91 步槍的「火藥氣體」運作方式？","直接吹氣式","短衝程活塞傳動式","反衝作用式","手動拉栓","B","T91 採用短衝程活塞傳動設計，能有效減少積碳，提升槍枝可靠性與清潔便利性。","兵工裝備諸元手冊"
"在軍中「收假」回營時，通常會立即進行什麼檢查？","智力測驗","尿液篩檢與違禁品（背包）檢查","體能測驗","唱歌","B","為防止攜帶毒品或違禁品入營，收假時安檢（翻背包）與不定時尿篩是標準程序。","營區門禁管制規定"
"軍人階級中，「下士」的識別標誌為何？","一條細折槓","一條粗折槓","一條粗折槓加一細線","一顆星","B","下士階級為一條粗折槓（俗稱一勾），是士官階級的起點。","陸海空軍服制條例"
"關於「中暑」處置，若患者意識清楚，應給予何種飲料補充水分？","熱水","含酒精飲料","稀釋之電解質飲料或加鹽冷開水","咖啡","C","意識清楚之中暑患者，應補充含電解質之水分（如運動飲料或鹽水），避免喝純水導致電解質失衡。","國軍中暑防治作業手冊"
"單兵戰鬥教練中，關於「敵機臨空」的處置動作，槍枝應如何擺放？","對空射擊","槍口朝下，將槍身壓在身體下方掩蔽","槍口朝上","拋棄槍枝","B","遇敵機臨空應迅速臥倒掩蔽，並將槍身壓於身下，避免槍枝金屬反光暴露位置。","單兵戰鬥教練手冊"
"下列何者屬於 T91 步槍的「上機匣」組件？","槍托","握把","提把（照門座）與槍管","彈匣","C","T91 採上下機匣分離設計，上機匣總成包含槍管、瓦斯鋼管與提把（或戰術滑軌）。","兵工裝備諸元手冊"
"若在操課中發生「扭傷」或「拉傷」，急救處理原則「PRICE」中的「I」代表什麼？","注射 (Inject)","冰敷 (Ice)","忽視 (Ignore)","吸入 (Inhale)","B","急性運動傷害處理原則中的 I 代表 Ice（冰敷），用以減少腫脹與疼痛。","國軍體能訓練手冊"
"軍中規定「操作服（迷彩服）」的上衣下擺，應如何穿著？","隨便放","紮入褲內（紮衣服）","放在褲子外面","打結","B","依據服制規定，操作服上衣下擺必須紮入褲內，並繫緊 S 腰帶，展現精神與俐落感。","國軍服裝穿著規定"
"在實施「清槍」動作時，最後一個步驟（擊發前）必須確認什麼？","保險已關","槍托已折疊","藥室內無子彈","彈匣已裝上","C","清槍最關鍵步驟是「目視藥室無彈」，確認空槍後才能進行擊發（釋放擊錘）。","輕兵器射擊訓練手冊"
"下列關於「上尉」的階級識別標誌？","一條粗槓","二條粗槓","三條粗槓","一顆梅花","C","上尉階級為三條粗槓（三槓），是軍官連長級職務常見的階級。","陸海空軍服制條例"
"新兵入伍期間，若親友寄送包裹到營區，包裹會如何處理？","直接送到床上","需在幹部面前當場拆封檢查（安檢）","不能收包裹","被退回","B","為防違禁品夾帶，所有寄入營區之包裹皆須由本人在幹部監督下當場拆封檢查。","郵件包裹檢查規定"
"在軍中「行進」間，若要改為「跑步」，口令順序為何？","直接跑","跑步─走","快跑─走","預備─跑","B","跑步口令由預令「跑步」與動令「走」組成，聞預令提手，聞動令起跑。","國軍基本教練"
"關於「軍用睡袋」的整理，通常要求折疊成什麼形狀？","圓筒狀","豆腐干（方塊狀）","隨便塞","三角形","B","依據內務規定，睡袋通常需折疊成方正的豆腐干形狀，或捲收成整齊圓筒（視單位規定）。","內務教則"
"若在休假期間發生「酒駕」被警察攔檢，除了配合調查外，應做什麼？","隱瞞身分","立刻回報部隊","拒絕酒測","逃跑","B","隱匿酒駕只會罪加一等，應立即回報部隊，由單位協處後續法律與行政程序。","國軍軍風紀維護實施規定"
"T91 步槍的「瓦斯鋼管」主要功能為何？","裝水","導引火藥氣體推動活塞","裝飾","散熱","B","瓦斯鋼管負責將擊發後的火藥氣體導引至活塞，進而推動槍機後退完成自動循環。","兵工裝備諸元手冊"
"軍中「榮譽團結會（榮團會）」的主要功能為何？","看電影","檢討生活設施、伙食與建議事項","罵長官","純粹聊天","B","榮團會是公開的民主建議時間，官兵可針對伙食、設施或權益提出建議與討論。","政治作戰實務"
"下列何者是「中校」的階級識別標誌？","一顆梅花","兩顆梅花","三顆梅花","一顆星","B","中校階級為兩顆梅花，通常擔任營長級職務。","陸海空軍服制條例"
"在野外訓練中，若必須「野外如廁（大號）」，應如何處理排泄物？","直接拉在路上","挖貓洞掩埋","拉在河裡","帶回營區","B","為維護衛生與避免蹤跡暴露，應挖掘「貓洞」將排泄物掩埋。","野外求生教範"
"新兵在「打靶」時，若發現準星模糊不清，可能是什麼原因？","眼睛壞了","覘孔太小","未正確對焦（應將焦點放在準星上）","槍枝故障","C","射擊時眼睛應聚焦於「準星」（準星清楚、目標模糊），若焦點錯誤會導致準星模糊。","輕兵器射擊訓練手冊"
"關於「軍用手電筒」的使用，夜間戰術行動中通常會使用哪種顏色的濾光片？","白光","紅光","藍光","綠光","B","紅光較不易破壞人眼的暗適應能力，且光線傳遞距離較短，適合夜間隱密行動。","單兵戰鬥教練手冊"
"若在營區內看到「憲兵」執行勤務，其主要職責為何？","煮飯","軍法紀維護與門禁管制","發薪水","打掃","B","憲兵為軍中警察（MP），負責軍紀糾察、門禁管制與維護軍法紀。","憲兵勤務令"
"下列何者為 T91 步槍的「彈匣」材質？","紙製","木頭","鋁合金或強化塑膠","玻璃","C","現役 T91 彈匣多為鋁合金或透明強化塑膠（可透視彈量）製成。","兵工裝備諸元手冊"
"軍人「留守」是指什麼意思？","被關禁閉","全連放假時，需留下一部分人員看守營區","自願加班","不能回家","B","部隊需24小時運作，故放假期間需安排部分人員「留守」執行衛哨與戰備任務。","國軍人員休假規定"
"在單兵戰鬥教練中，關於「掩蔽」與「隱蔽」的區別，下列何者正確？","沒差別","隱蔽可防彈，掩蔽只防看","掩蔽可防彈（保護身體），隱蔽只防看（隱藏蹤跡）","隱蔽是躲在樹上","C","掩蔽物（如牆壁）可擋子彈；隱蔽物（如草叢）僅能遮蔽視線，無法抵擋敵火。","單兵戰鬥教練手冊"
"關於「軍人保險（軍保）」的受益對象，通常第一順位是誰？","朋友","配偶或直系親屬","鄰居","長官","B","軍保與撫卹金之法定受益人第一順位通常為配偶，其次為子女、父母等直系親屬。","軍人保險條例"
"若在操課中發生「熱衰竭」（大量流汗、皮膚濕冷），應如何處置？","蓋棉被保暖","移至陰涼處、補充水分與鹽分","激烈運動","喝熱湯","B","熱衰竭與中暑不同，皮膚濕冷代表身體仍在散熱，應立即休息並補充流失的水分與鹽分。","國軍中暑防治作業手冊"
"軍用「小帽（迷彩帽）」在室內是否需要脫帽？","不用","看心情","必須脫帽","長官說脫才脫","C","依據軍人禮節，進入室內應自動脫帽（除非武裝衛哨或特定勤務）。","國軍內部管理實務"
"T91 步槍的「槍托底板」內，通常設有空間可以存放什麼？","零食","私房錢","擦槍工具（通槍條/刷）","手機","C","T91 槍托內設有收納空間，可存放組合式通槍條與清潔刷等保養工具。","兵工裝備諸元手冊"
"下列何者為「少校」的階級識別標誌？","一顆梅花","兩顆梅花","三顆梅花","一條槓","A","少校階級為一顆梅花，是校官階級的起點。","陸海空軍服制條例"
"在軍中「會客」時，家屬能否進入寢室參觀？","可以","絕對禁止","長官同意就可以","只有媽媽可以","B","寢室屬於部隊生活隱私區域與管制區，嚴禁家屬或外賓進入。","營區門禁管制規定"
"在 T91 步槍的射擊選擇桿上，數字「1」代表什麼模式？","保險","全自動","三發點放","半自動（單發）","D","T91 選擇桿標示：S(保險)、1(單發)、3(三發點放)、A(全自動)。","兵工裝備諸元手冊"
"關於「燒燙傷」的急救處理五步驟，口訣為何？","叫叫ABC","沖脫泡蓋送","拉拉壓","拍拉看","B","燒燙傷急救標準程序：沖（冷水沖洗）、脫（小心脫衣）、泡（冷水浸泡）、蓋（覆蓋乾淨布）、送（送醫）。","國軍緊急救護訓練手冊"
"下列何者是「中校」的階級識別標誌？","一顆梅花","兩顆梅花","三顆梅花","一顆星","B","中校階級為兩顆梅花，通常擔任營長職務。","陸海空軍服制條例"
"軍中「洗衣費」通常是如何支付的？","免費","每次投幣","每月從薪餉中扣除（團體送洗）","自己手洗不用錢","C","新訓期間為求統一與效率，通常委外廠商洗滌，費用由薪餉中扣除；內衣褲則多需手洗。","新兵生活管理實務"
"在單兵戰鬥教練中，夜間通過「照明彈」照射區域時，應如何處置？","立刻趴下（臥倒）並閉上一眼","站起來跑","大叫","用手電筒照回去","A","遇照明彈應立即臥倒，並閉上一眼（保留夜視能力），待照明彈熄滅後再繼續前進。","單兵戰鬥教練手冊"
"關於 T91 步槍的「全自動」射擊模式，選擇桿應轉到哪個位置？","S","1","3","A","「A」代表 Automatic（全自動），扣住板機不放可連續擊發。","兵工裝備諸元手冊"
"若在操課中發生「骨折」現象，急救時最重要的原則是？","用力把骨頭喬回去","固定患處，避免移動","熱敷","按摩","B","骨折急救首重「固定」，切勿隨意移動或嘗試復位，以免刺傷血管神經。","國軍緊急救護訓練手冊"
"軍人「立正」姿勢時，兩腳腳尖應向外張開約幾度？","30度","45度","60度","90度","B","依據國軍基本教練，立正時兩腳跟靠攏，腳尖向外張開約 45 度。","國軍基本教練"
"下列何種行為屬於「掠奪/搶奪」財物，在軍法中屬重罪？","跟鄰兵借錢","拿錯別人的飲料","強行取走居民或同袍財物","撿到錢沒歸還","C","趁戰事或公權力不彰時，強行取走他人財物屬掠奪罪，軍法判刑極重。","陸海空軍刑法"
"新兵入伍發放的「迷彩短褲」，通常在什麼時機穿著？","睡覺或體能活動時","基本教練時","打靶時","莒光日","A","迷彩短褲主要用於夏季就寢、體能訓練或特定休閒時間穿著。","國軍服裝穿著規定"
"T91 步槍的「三發點放」功能，主要設計目的為何？","節省子彈並提高命中率","增加後座力","為了好玩","清除積碳","A","三發點放可避免全自動射擊造成的彈藥浪費與槍口上揚，提高點目標之殺傷機率。","兵工裝備諸元手冊"
"關於「軍用軍毯（毛毯）」的折疊，通常要求折成什麼形狀？","圓形","豆腐干（方正有稜角）","隨便摺","捲起來","B","軍毯需折疊成方正的豆腐干狀，置於床頭定位，線條須平整修飾。","內務教則"
"下列何者為「少將」的階級識別標誌？","一顆星","二顆星","三顆星","四顆星","A","少將階級為一顆星，通常擔任旅長或指揮官職務。","陸海空軍服制條例"
"若在野外遇到「虎頭蜂」盤旋，應如何處置？","揮手驅趕","用火燒","保持冷靜，反向緩慢離開，切勿拍打","大聲尖叫","C","遇到虎頭蜂切勿揮趕或拍打，應壓低身體、緩慢安靜地向反方向離開。","野外求生教範"
"在軍中聽到「向右看─齊」口令時，排頭（第一員）應如何動作？","向右轉頭","舉手","不動","蹲下","C","排頭為基準人員，聽到口令後應保持不動，由其他人員向其看齊。","國軍基本教練"
"T91 步槍射擊時，若發生「卡彈」且無法立即排除，應舉手高喊什麼？","卡彈了","救命","故障","沒子彈","C","遇槍枝故障無法排除，應槍口朝前舉紅旗（或舉手）高喊「故障」。","輕兵器射擊訓練手冊"
"關於「防毒面具」的飲水器功能，主要是為了什麼情況設計？","隨時喝飲料","核生化沾染環境下，不脫面具也能補充水分","洗臉","刷牙","B","防毒面具設有飲水管連接水壺，確保在遭毒氣汙染環境下仍能安全飲水。","核生化防護教範"
"軍中「禁足」處分，通常是指？","把腳綁起來","禁止休假（例假日留營）","禁止下床","禁止走路","B","禁足為行政處分的一種，指在例假日禁止離營休假，需留在營區內（通常需出公差或自習）。","陸海空軍懲罰法"
"下列何者是「一等士官長」的階級識別標誌？","二粗一細","二粗二細","粗折槓搭配三條細弧線","一顆星","C","一等士官長識別為粗折槓搭配三條細弧線，是士官最高階級。","陸海空軍服制條例"
"在操作 T91 步槍時，槍機拉柄位於槍身的何處？","左側","右側","上方（提把內）","下方","C","T91 槍機拉柄位於上機匣上方（提把下方），採雙邊操作設計。","兵工裝備諸元手冊"
"若在營區內發生「停電」，衛哨兵應如何處置？","立刻睡覺","提高警覺，加強監控與巡查","拿出手機玩","離開崗位","B","停電時電子安防系統可能失效，衛哨應提高警覺，加強目視觀測與巡邏。","衛哨勤務教範"
"關於「軍用S腰帶」的佩戴位置，應該在身體的哪裡？","胸口","髖骨（腰部）上方，繫緊","膝蓋","脖子","B","S腰帶應繫於腰際（髖骨上方），並確實束緊，以免掛載裝備後滑落。","國軍服裝穿著規定"
"新兵在「手榴彈投擲」訓練中，若因緊張導致手榴彈掉落在腳邊，應立即做什麼？","撿起來丟","往外踢","立刻跳入避彈坑或滾離現場","發呆","C","實彈投擲若掉落，應立即翻滾入避彈坑或依教官指示撤離，生死一瞬間。","手榴彈投擲安全規定"
"軍人「敬禮」時，手掌心應朝向何處？","朝外","朝內","朝下（微向內傾斜）","朝上","C","國軍舉手禮手掌心微向內（下方）傾斜，不得將掌心直接正對前方（那是美式/波蘭式等其他規定）。","國軍基本教練"
"下列關於「上校」的階級識別標誌？","一顆梅花","兩顆梅花","三顆梅花","一顆星","C","上校為三顆梅花，是校官最高階級。","陸海空軍服制條例"
"在野外行軍，為預防「腳底起水泡」，襪子應該怎麼穿？","穿破襪子","穿兩雙（內薄外厚）或厚襪，並保持乾燥","不穿襪子","穿濕襪子","B","穿著雙層襪可減少皮膚與鞋面直接摩擦，保持乾燥則是預防起水泡的關鍵。","野外求生與裝備保養"
"關於 T91 步槍的「防火帽」開口方向，通常是朝向？","正上方","正下方","兩側偏上方","隨便開孔","C","防火帽開口通常朝向側上方，利用噴氣抑制槍口上揚，並避免吹起地面揚塵。","兵工裝備諸元手冊"
"軍中「早點名」時，值星官喊「中央伍為準」，中央伍需舉哪隻手？","右手","左手","雙手","不用舉手","B","國軍操典規定，聞「以中央伍為準」時，基準兵應舉「左手」並答「我」。","國軍基本教練"
"若因公出差（如受訓），搭乘大眾運輸工具時，能否坐博愛座？","絕對不行","可以，若無人需要時可坐，但需讓座給老弱婦孺","穿軍服不能坐","看心情","B","軍人亦是公民，比照一般乘客規定，但著軍服時應更注意禮讓與形象。","國軍軍風紀維護實施規定"
"在「核生化」狀況下，使用神經毒劑解毒針（阿托品）時，應注射於何處？","手臂","大腿外側肌肉","屁股","肚子","B","解毒針設計為可直接穿透褲子，注射於大腿外側肌肉豐富處，吸收最快。","核生化防護教範"
"在軍中聽到「向左─轉」口令時，應以哪隻腳的腳跟為軸心？","右腳","左腳","雙腳","隨便","B","向左轉動作：以左腳跟為軸心，右腳尖為輔助，向左旋轉90度。","國軍基本教練"
"T91 步槍的「藥室」是用來容納什麼的？","槍機","子彈","刺刀","瓦斯","B","藥室位於槍管後端，用以容納子彈並承受擊發時的火藥壓力。","兵工裝備諸元手冊"
"關於「禁閉室」改為「悔過室」後，受悔過處分的人員主要在做什麼？","做苦工","看電視","法治教育、心理輔導與體能活動（徒手）","被毆打","C","悔過期間每日排定法治教育、心輔課程與適度徒手體能活動，嚴禁不當管教。","陸海空軍懲罰法"
"下列何者為「二級上將」的階級識別標誌？","二顆星","三顆星","四顆星","五顆星","B","現行國軍體制下，上將階級識別皆為三顆星（習慣上稱二級上將，一級上將已極少晉升）。","陸海空軍服制條例"
"若在操課中發生「中暑」昏迷，能否強行灌水？","可以，多喝水沒事","不行，應採靜脈注射或立刻送醫，灌水會嗆到","喝運動飲料","喝熱水","B","意識不清或昏迷患者嚴禁由口灌水，以免造成呼吸道阻塞或吸入性肺炎。","國軍中暑防治作業手冊"
"新兵在「單兵戰鬥教練」中，通過「敵鹿砦（障礙物）」時，通常採用何種方式？","爬過去","偵察、爆破或破壞通過","繞路回家","坐下休息","B","遇障礙物（如鹿砦、鐵絲網）應依偵察、破壞（剪斷/爆破）、通過之程序處置。","單兵戰鬥教練手冊"
"T91 步槍的「槍管」內有幾條膛線？","2條","4條","6條","10條","C","T91 步槍槍管內具備 6 條右旋膛線，用以讓彈頭旋轉穩定飛行。","兵工裝備諸元手冊"
"軍人「敬禮」時，上臂應與肩膀呈多少角度（約略）？","垂直","水平","約90度（水平）至自然下垂之間","隨便","B","依據教範，行舉手禮時上臂約與肩同高（水平），前臂與上臂約呈45-60度角。","國軍基本教練"
"下列關於「士官長」的敘述，何者正確？","是軍官","是士兵","是士官階級的最高層級","是替代役","C","士官長屬於士官階級的頂點，地位崇高，通常擔任部隊經驗傳承與管理要角。","陸海空軍軍官士官任官條例"
"若在營區內發現「火災」，使用滅火器時應站在哪個位置？","下風處","上風處","火源中間","隨便站","B","滅火時應站在「上風處」，避免被火焰、濃煙或滅火粉末撲向自己。","消防安全教育手冊"
"關於 T91 步槍的「大部分解」，結合銷（插銷）通常有幾根？","1根","2根（前、後）","3根","5根","B","T91 大部分解需推出「後結合銷」與「前結合銷」共兩根，以分離上下機匣。","輕兵器保養手冊"
"軍中「逾假未歸」幾天會被發布通緝（離營通報）？","1天","3天","6天（戰時2天）","1個月","C","依現行規定，無故離去或不就職役逾 6 日（戰時為 2 日）即發布通緝。","陸海空軍刑法"
"在「核生化」攻擊後，若要脫除防毒面具，必須先確認什麼？","肚子餓不餓","環境是否已安全（無毒）","面具壞了沒","長官說好","B","脫除面具前需經偵檢確認環境安全（解除警報），或依指揮官命令始可脫除。","核生化防護教範"
"下列何者是「准尉」的階級（國軍現行制度）？","一條槓","一顆梅花","國軍現行制度無准尉","一顆星","C","國軍現行階級制度中並無「准尉」階級，士官長之上即為少尉。","陸海空軍軍官士官任官條例"
"若在行軍中感到「腳底發熱（疑似起水泡）」，應如何處置？","不予理會","立即停下檢查，並在發熱處貼透氣膠帶保護","把鞋子脫掉不穿","用水泡濕","B","腳底發熱是起水泡的前兆，應立即保護患處（貼膠帶或更換襪子），防止水泡形成。","野外求生與裝備保養"
"T91 步槍的「槍機」上，負責抓住彈殼底緣將其拉出的零件是？","撞針","拋殼挺","抓殼鉤","板機","C","抓殼鉤位於槍機前方，負責在槍機後退時勾住彈殼底緣，將其拉出藥室。","兵工裝備諸元手冊"
"軍中「安全士官」交接時，最重要的清點項目是？","零食","人員、槍械彈藥與重要裝備","掃把","垃圾桶","B","安官交接首重「人（人數）、槍（數量與鎖具）、彈（彈藥數量）」，缺一不可。","國軍內部管理實務"
"下列何者為「三等士官長」的階級識別標誌？","一粗折槓","二粗折槓","粗折槓搭配一條細弧線","一顆星","C","三等士官長識別為粗折槓搭配下方一條細弧線。","陸海空軍服制條例"
"在野外求生中，若必須飲用生水，應優先選擇何種水源？","靜止的池塘水","流動的溪水（上游）","海水","有動物屍體的水","B","流動且清澈的溪水（尤指上游）汙染較少，但仍建議煮沸或過濾後飲用。","野外求生教範"
"T91 步槍的「照門（覘孔）」上，通常有標示射程數字，數字「2」代表？","20公尺","200公尺","2000公尺","2公里","B","照門上的數字對應有效射程，2 代表 200 公尺歸零或射擊設定。","輕兵器射擊訓練手冊"
"關於「內務」整理，蚊帳折好後通常要放在床鋪的哪個位置？","床尾","床頭（枕頭旁或下方）","中間","塞到床下","B","依各單位規定，折疊好的蚊帳通常置於床頭中央或枕頭上/旁，標齊對正。","內務教則"
"若在操課中發生「毒蛇咬傷」，應記錄什麼資訊以利送醫？","蛇的顏色、花紋、形狀特徵","蛇的長度","蛇的性別","蛇的名字","A","記住蛇的特徵（花紋、頭型）有助於醫生判斷蛇種，施打正確的抗蛇毒血清。","國軍緊急救護訓練手冊"
"軍人「服儀」規定中，關於鬍鬚的留養？","可以隨便留","可以留落腮鬍","原則上必須刮除乾淨","看心情","C","國軍官兵（除特定任務或准許外）原則上應每日刮鬍，保持儀容整潔清爽。","國軍儀容規定"
"T91 步槍的「傳動機構」中，活塞是用來推動什麼？","槍機框（連桿）","子彈","板機","槍管","A","火藥氣體推動活塞，活塞向後撞擊槍機框（推桿），進而帶動槍機解鎖後退。","兵工裝備諸元手冊"
"在單兵戰鬥教練中，關於「掩護」隊友前進，通常採用的射擊方式為？","精準射擊","火力壓制射擊","隨便亂打","不射擊","B","掩護射擊旨在壓制敵軍火力，使其無法抬頭，讓隊友能安全躍進。","單兵戰鬥教練手冊"
"下列關於「中將」的階級識別標誌？","一顆星","二顆星","三顆星","四顆星","B","中將為二顆星，是軍團指揮官等級的高階將領。","陸海空軍服制條例"
"新兵在「刺槍術」訓練時，最基本的預備姿勢稱為？","基本刺","氣刀體一致","用槍","防左刺","C","刺槍術的開始口令為「氣刀體一致─用槍」，隨即進入持槍預備姿勢。","國軍刺槍術教範"
"關於 T91 步槍的「撞針」，其功能為何？","退殼","撞擊子彈底火引爆火藥","瞄準","保險","B","撞針受擊錘打擊後前衝，撞擊子彈底火，引燃發射藥擊發子彈。","兵工裝備諸元手冊"
"軍中「莒光日」電視教學通常會播放哪個節目？","莒光園地","新聞聯播","綜藝大集合","電影台","A","每週四下午固定收視華視製作的《莒光園地》軍事教育節目。","政戰實務工作"
"若在衛哨勤務中發現「彈藥庫失火」，第一動作為何？","自己滅火","大聲呼叫並通報，迅速搶救易燃爆裂物（若安全許可）","逃跑","拍照","B","發現彈藥庫起火應立即通報並啟動消防機制，若火勢無法控制應迅速撤離並疏散周邊。","消防安全教育手冊"
"T91 步槍的「復進簧」主要功能為何？","吸收後座力並將槍機推回前方","擊發子彈","退殼","瞄準","A","復進簧位於槍托內（或機匣後方），負責吸收槍機後退的能量，並利用彈力將槍機推回前方閉鎖。","兵工裝備諸元手冊"
"在操作「AED（自動體外心臟電擊去顫器）」時，當機器發出「建議電擊」語音，按下按鈕前必須確認什麼？","是否有插電","所有人離開患者身體（淨空）","患者是否清醒","是否還有呼吸","B","電擊瞬間若有人接觸患者導電，可能造成危險，故必須大喊「大家離開」並確認淨空。","國軍緊急救護訓練手冊"
"下列何者為「准尉」的階級識別？（附註：國軍現行制度已無新任准尉）","一條槓","一顆梅花","無此階級","一顆星","C","國軍現行制度下，士官長之上即接續少尉，已無新敘任之准尉階級。","陸海空軍軍官士官任官條例"
"軍中「早點名」時，聽到國歌前奏，應立即採取何種動作？","立正致敬","稍息","蹲下","敬禮","A","聞國歌前奏（或升旗歌），全體人員應立即立正，向國旗或指揮官致敬。","國軍內部管理實務"
"T91 步槍的「擊錘」位於哪個組件內？","上機匣","下機匣","槍機","防火帽","B","擊錘、板機與阻鐵等擊發機構組件皆位於「下機匣」內。","兵工裝備諸元手冊"
"關於「衛哨用槍」的法定時機，下列何者錯誤？","對方單純辱罵衛兵","對方奪取衛兵武器","對方危害衛兵生命安全","對方強行闖入且不聽制止","A","用槍需符合比例原則，單純言語辱罵尚未構成生命威脅，不得使用槍械射擊。","衛哨勤務教範"
"新兵在「刺槍術」中，突刺動作完成後的喊聲是？","殺","喝","哈","嘿","A","刺槍術講求氣勢，突刺時配合腳步重踏，需大聲喊「殺」。","國軍刺槍術教範"
"關於「中暑」防治，若尿液顏色呈現「深褐色」甚至像可樂顏色，可能代表？","喝太多水","橫紋肌溶解症或嚴重脫水","正常的","吃太飽","B","深褐色尿液是橫紋肌溶解症的典型警訊，需立即送醫以免導致腎衰竭。","國軍中暑防治作業手冊"
"下列何者是「一等士官長」的階級識別？","粗折槓搭配三條細弧線","粗折槓搭配二條細弧線","粗折槓搭配一條細弧線","三條粗槓","A","一等士官長（三細）> 二等士官長（二細）> 三等士官長（一細）。","陸海空軍服制條例"
"在軍事地圖閱讀中，地圖上的「北方」通常是指向哪裡？","下方","上方","左方","右方","B","軍用地圖與一般地圖相同，原則上「上方」為北方。","地圖閱讀教範"
"T91 步槍射擊時，若彈殼無法順利拋出（卡在拋殼窗），俗稱什麼？","卡彈（夾殼）","未爆彈","膛炸","遲發火","A","彈殼未完全拋出被槍機夾住，俗稱「煙囪」或夾殼，需拉拉柄排除。","輕兵器射擊訓練手冊"
"關於「內務整理」，軍靴（大頭皮鞋）通常擺放在哪裡？","床底下","內務櫃最下方或床尾指定位置","桌子上","隨便放","B","依單位規定，軍靴通常置於床尾鞋架或內務櫃最下層，並需擦拭乾淨。","內務教則"
"若在操課中發生「蜂螫」，拔除毒刺時應使用什麼工具避免擠壓毒囊？","鑷子或針","手指用力捏","刀片","卡片（如身分證）刮除","D","用手捏容易擠壓毒囊釋放更多毒液，建議用卡片鈍邊輕輕刮除毒刺。","國軍緊急救護訓練手冊"
"下列何者為「少將」的識別標誌？","一顆星","二顆星","三顆星","四顆星","A","少將為一顆星。","陸海空軍服制條例"
"在單兵戰鬥教練中，關於「伏進（匍匐前進）」動作，身體應盡量？","貼緊地面","抬高屁股","跳躍","側身","A","匍匐前進目的是利用低矮遮蔽物，故身體（尤其是頭部與臀部）應盡量貼緊地面。","單兵戰鬥教練手冊"
"軍中「莒光日」電視教學結束後，通常會進行什麼活動？","睡覺","分組討論（心得分享）","看電影","打掃","B","電視教學後會分組進行心得討論與分享，由輔導長或幹部主持。","政戰實務工作"
"T91 步槍的「夜間準星」上塗有什麼物質以利瞄準？","螢光劑（氚光）","白漆","紅漆","反光貼紙","A","T91 準星與覘孔上設有自發光之氚氣管（或螢光點），供夜間瞄準使用。","兵工裝備諸元手冊"
"關於「刺刀」的保養，若刀刃生鏽，應使用什麼去除？","砂紙（輕磨）與除鏽油","石頭","水","火烤","A","輕微生鏽可用細砂紙沾油輕磨去除，嚴禁使用粗糙石頭以免磨損刀刃。","個人裝備保養規定"
"若在行軍中迷路，且沒有指南針，白天可利用什麼辨別方位？","太陽位置與手錶","憑感覺","看樹葉","丟鞋子","A","利用太陽升落方向（東升西落）或配合手錶時針法可粗略判斷方位。","野外求生教範"
"下列何者是「中士」的識別標誌？","一粗折槓","一粗一細折槓","二粗折槓","三粗折槓","B","中士為一粗一細。","陸海空軍服制條例"
"軍中「晚點名」時，部隊通常會唱哪首歌？","國歌","我愛中華（或指定軍歌）","流行歌","校歌","B","晚點名慣例會演唱《我愛中華》或其他指定軍歌，象徵一天結束與愛國精神。","國軍內部管理實務"
"T91 步槍大部分解後，結合時的第一個步驟通常是裝回什麼？","槍機拉柄","槍機總成","彈匣","槍背帶","A","結合順序與分解相反：先裝入槍機拉柄，再裝入槍機總成。","輕兵器保養手冊"
"關於「水壺」的水量，操課前通常要求裝滿至少多少？","半壺","全滿","不用裝","一口","B","為預防中暑，操課前幹部會檢查水壺是否「滿水」，確保役男有足夠飲用水。","國軍中暑防治作業手冊"
"在衛哨勤務中，若遇到「直屬長官」視導，衛兵應如何處置？","大聲喝止","行禮並報告崗位狀況","裝作沒看到","叫他走開","B","確認為直屬長官後，應持槍行禮（或依規定敬禮），並大聲報告崗位目前狀況。","衛哨勤務教範"
"下列何者是「上兵」的識別標誌？","一粗折槓","二粗折槓","三粗折槓","一槓","C","上兵為三粗折槓。","陸海空軍服制條例"
"若在毒氣室內「防毒面具」濾毒罐失效，應立即？","深呼吸","閉氣，迅速更換濾毒罐或撤離","大叫","喝水","B","濾毒罐失效會吸入毒氣，應立即閉氣並依指示撤離或更換，切勿大口呼吸。","核生化防護教範"
"T91 步槍的「槍托」材質主要為？","木頭","強化塑膠（尼龍加纖）","全金屬","橡膠","B","現代步槍（含T91）槍托與護木多採強化塑膠製成，輕量且耐衝擊。","兵工裝備諸元手冊"
"軍中「大兵手記」若未按時撰寫或繳交，屬於？","沒關係","違紀行為，可能受罰","正常的","值得鼓勵","B","大兵手記屬制式作業，無故缺交視同抗命或內務缺失，會受到糾正或處分。","政戰實務工作"
"在操課中聽到「預備─唱」口令時，應做什麼？","準備跑步","開始唱歌（軍歌）","準備睡覺","準備吃飯","B","這是唱軍歌的動令，聞令後應齊聲高唱指定歌曲。","國軍基本教練"
"關於「綁腿（膠圈）」的位置，應該綁在？","膝蓋","小腿肚下方（腳踝上方）","大腿","鞋底","B","綁腿應綁於小腿下緣、腳踝上方處，將褲管反折拉平，使褲管看起來筆直。","國軍服裝穿著規定"
"在地圖判讀中，表示地勢高度相等的曲線稱為？","海平線","水平線","等高線","垂直線","C","等高線是地圖上將海拔高度相同的點連接而成的閉合曲線，用以表示地形起伏。","地圖閱讀教範"
"關於 T91 步槍的「拋殼挺」，其主要功能為何？","將彈殼勾住","將彈殼彈出拋殼窗","擊發子彈","固定彈匣","B","拋殼挺負責在彈殼被拉出藥室後，自側面撞擊彈殼底部，將其彈出槍外。","兵工裝備諸元手冊"
"下列何者為「上校」的階級識別？","兩顆梅花","三顆梅花","一顆星","三條粗槓","B","上校為三顆梅花，中校為兩顆，少校為一顆。","陸海空軍服制條例"
"若在衛哨勤務中，遇直屬長官視導，但該長官未穿著制服且未帶證件，衛兵應如何處理？","直接放行","堅持辨證，確認身分後始可放行","開槍","假裝不認識","B","衛哨勤務「認證不認人」，即便熟識長官，未帶證件仍須透過安官通報或驗證身分，嚴禁隨意放行。","衛哨勤務教範"
"新兵在「單兵戰鬥教練」中，通過「敵外壕」時，通常採用的動作是？","跳過去","伏進","用竹梯或利用壕溝壁攀降通過","飛過去","C","通過外壕需利用壕溝壁攀降至溝底，再攀登至對岸，或使用竹梯等輔助器材。","單兵戰鬥教練手冊"
"軍中「病假」通常需要檢附什麼證明？","口頭報告","藥袋","軍醫院或健保醫院診斷證明書","收據","C","依規定，請病假需檢附合法醫療機構（通常要求地區醫院以上）開立之診斷證明書。","國軍人員請假規則"
"T91 步槍的「槍背帶」在射擊時可以用來做什麼？","裝飾","纏繞手臂增加射擊穩定度","當止血帶","綁頭髮","B","射擊時可利用槍背帶纏繞手臂（依托），形成穩固的三角支撐，提升射擊穩定性。","輕兵器射擊訓練手冊"
"關於「中暑」防治，若在戶外操課看到懸掛「紅旗」，代表危險係數為何？","低","中","高（大於40）","極高","C","紅旗代表熱中暑危險係數高（通常>40），部隊應強制補充水分並調整操課場地或強度。","國軍中暑防治作業手冊"
"下列何者是「少校」的識別標誌？","一顆梅花","兩顆梅花","三顆梅花","一條槓","A","少校為一顆梅花。","陸海空軍服制條例"
"在核生化防護中，神經毒劑中毒的典型症狀包含？","瞳孔放大","瞳孔縮小、流口水、肌肉抽搐","皮膚變藍","想睡覺","B","神經毒劑（如沙林）會破壞神經傳導，造成針狀瞳孔（縮小）、大量流涎與肌肉痙攣。","核生化防護教範"
"軍中「莒光簿」的心得寫作，若被發現是抄襲或請人代寫，會有什麼後果？","沒事","記功","視同作弊，依規定懲處","重寫就好","C","大兵手記視同正式作業，抄襲或代寫屬違紀行為，通常會被禁足或罰勤。","政戰實務工作"
"T91 步槍的「射擊三要領」通常是指？","托、抵、握","瞄、停、扣","快、狠、準","托、抵、貼","B","射擊三要領：瞄（瞄準）、停（呼吸停止）、扣（扣板機），是精準射擊的基礎。","輕兵器射擊訓練手冊"
"若在營區內發生「打架滋事」，在場人員（旁觀者）應如何處置？","加入打架","圍觀叫好","立即制止（若安全）並大聲呼叫幹部處理","拍照錄影","C","旁觀者有通報與制止義務，若袖手旁觀甚至鼓譟，視同共犯或知情不報，亦受處分。","陸海空軍懲罰法"
"下列何者為「准尉」的階級？（再次確認）","一條細槓","國軍無准尉","一顆梅花","一顆星","B","國軍現行體制確無准尉階級。","陸海空軍軍官士官任官條例"
"在行軍中，若必須在夜間使用手電筒查看地圖，應如何操作以防暴露？","直接開燈","使用紅光濾鏡並用雨衣或裝備遮擋光線","用手機照","開大燈","B","夜間讀圖需嚴格燈火管制，應使用紅光並用雨衣覆蓋遮光，僅露出微光閱讀。","單兵戰鬥教練手冊"
"關於 T91 步槍的「護木」，其內部包覆了什麼組件？","槍機","瓦斯鋼管與槍管後半部","彈匣","復進簧","B","護木主要包覆瓦斯鋼管與槍管，防止射手手部直接觸碰發燙的槍管。","兵工裝備諸元手冊"
"軍人「婚假」依規定共有幾天？","7天","10天","14天","30天","C","依國軍請假規則，結婚可核予婚假 14 日（可分次申請，含例假日）。","國軍人員請假規則"
"在單兵戰鬥教練中，關於「衝鋒」的口令，通常是？","衝啊","殺","預備─衝","攻擊前進","A","衝鋒階段，指揮官下達「衝鋒前進」口令，全體人員邊跑邊喊「殺」聲衝入敵陣。","單兵戰鬥教練手冊"
"下列何者是「中將」的識別標誌？","一顆星","二顆星","三顆星","四顆星","B","中將為二顆星。","陸海空軍服制條例"
"若在操課中發生「休克」（臉色蒼白、脈搏微弱），應採何種姿勢？","站立","頭低腳高（抬高下肢）","趴下","倒立","B","休克患者應採平躺並抬高下肢（約30度），以利血液回流心臟與腦部（頭部受傷者除外）。","國軍緊急救護訓練手冊"
"T91 步槍的「大部分解」中，最後取出的組件通常是？","彈匣","槍機拉柄","槍機總成","復進簧","B","分解順序中，取出槍機總成後，最後才會將「槍機拉柄」向後拉出。","輕兵器保養手冊"
"軍中「離營宣教」時，長官強調的「兩性營規」是指？","男女可以牽手","嚴禁男女在營區內發生不當接觸或進入異性寢室","可以談戀愛","男女要分開吃飯","B","嚴禁營內不當男女關係、性騷擾或未經核准進入異性寢室，是天條級的規定。","國軍軍風紀維護實施規定"
"關於「防毒面具」的保存，最忌諱什麼環境？","乾燥陰涼","高溫潮濕與陽光直射","通風處","黑暗處","B","橡膠材質怕高溫與紫外線，活性碳怕潮濕，故應避免高溫、潮濕與陽光直射。","核生化防護教範"
"下列何者為「二等士官長」的識別？","粗折槓加一細","粗折槓加二細","粗折槓加三細","一顆星","B","二等士官長為粗折槓搭配二條細弧線。","陸海空軍服制條例"
"在衛哨勤務中，若有人試圖搶奪槍枝，衛兵應如何處置？","把槍給他","使用槍托攻擊、刺刀或開槍自衛","逃跑","大叫","B","護槍是衛兵第一要務，遇搶奪應使用所配武器（槍托、刺刀或射擊）斷然處置以自衛。","衛哨勤務教範"
"T91 步槍的「照門」上有一個「風偏調整螺」，是用來調整？","上下偏差","左右偏差","射程","後座力","B","風偏調整螺位於提把右側，旋轉可修正彈著點的左右偏差（R/L）。","輕兵器射擊訓練手冊"
"軍中「公差」若需離開營區（如押車），必須持有什麼證明？","身分證","公差單或派車單（通行證）","口頭命令","不用證明","B","出營區執行公務須持有核准之公差單或派車單，供門口衛哨查驗放行。","營區門禁管制規定"
"關於「手榴彈投擲」的握法，握片（保險柄）應握在何處？","虎口處（掌心內）","手指尖","隨便握","朝外","A","投擲手榴彈時，應將握片（保險柄）緊壓於虎口與掌心內，防止插銷拔除後擊發。","手榴彈投擲訓練手冊"
"下列何者是「上將」的識別標誌？","二顆星","三顆星","四顆星","五顆星","B","現行上將階級為三顆星。","陸海空軍服制條例"
"若在野外發現「有毒植物」（如咬人貓），特徵通常為何？","葉面光滑","葉面有刺毛或流出乳汁","花很香","果實很大","B","許多有毒植物（如咬人貓、漆樹）葉面具刺毛或折斷後流出乳白色汁液，應避免觸碰。","野外求生教範"
